NAME,X,Y,SECTOR,ZONE,SUBZONE,WELL_TYPE
AH-0003-2_P,795257.43,3231705.97,8,WARA,MW,Producer
AH-0014-1_P,796959.81,3220800.24,8,WARA,MW,Producer
AH-0036-1_P,791727.87,3218195.06,10,WARA,LW,Producer
AH-0036-1_P,791727.87,3218195.06,10,WARA,MW,Producer
AH-0050-1_P,794688.37,3235040.95,9,WARA,MW,Producer
AH-0053-1_P,792252.43,3235539.42,9,WARA,MW,Producer
AH-0101-6_P,794371.9,3217711.31,10,WARA,LW,Producer
AH-0102-1_P,792851.93,3230777.66,9,WARA,LW,Producer
AH-0102-1_P,792851.93,3230777.66,9,WARA,MW,Producer
AH-0131-1_P,790529.655,3233819.69,9,WARA,LW,Producer
AH-0150H-2_P,796382.6616666667,3229521.466666667,8,WARA,LW,Producer
AH-0176-2_P,798412.74,3213822.01,7,WARA,MW,Producer
AH-0191-2_P,797737.1799999998,3216672.1550000007,7,WARA,LW,Producer
AH-0191-2_P,797737.1799999998,3216672.1550000007,7,WARA,MW,Producer
AH-0204-1_P,798729.81,3214110.71,7,WARA,MW,Producer
AH-0236ST3-1_P,793946.4385714286,3237230.755,9,WARA,MW,Producer
AH-0237-2_P,791070.6749999998,3235757.905,9,WARA,MW,Producer
AH-0244-1_P,797479.6259999998,3227148.8660000013,8,WARA,LW,Producer
AH-0244-1_P,797479.6259999998,3227148.8660000013,8,WARA,MW,Producer
AH-0245-1_P,797320.4058333334,3227524.4958333336,8,WARA,MW,Producer
AH-0264-1_P,792035.6783333331,3236661.9516666667,9,WARA,MW,Producer
AH-0291ST1-2_P,790203.08,3235692.205,9,WARA,MW,Producer
AH-0299-1_I,798198.1029999999,3217269.8910000008,7,WARA,MW,Injector
AH-0300-1_I,797522.3583333334,3216999.9883333333,7,WARA,MW,Injector
AH-0301-1_I,797194.5566666665,3216374.4133333336,7,WARA,MW,Injector
AH-0306-1_P,796423.3283333335,3233729.236666667,8,WARA,LW,Producer
BG-0006-3_P,787525.42,3212220.47,12,WARA,LW,Producer
BG-0006-3_P,787525.42,3212220.47,12,WARA,MW,Producer
BG-0025-5_P,782769.84,3208748.14,3,WARA,LW,Producer
BG-0025-5_P,782769.84,3208748.14,3,WARA,MW,Producer
BG-0051-5_P,785882.84,3200441.94,3,WARA,LW,Producer
BG-0051-5_P,785882.84,3200441.94,3,WARA,MW,Producer
BG-0052-6_P,785923.24,3198767.28,4,WARA,LW,Producer
BG-0056-4_P,790340.97,3196360.98,5,WARA,MW,Producer
BG-0061-3_P,784410.4,3201242.77,3,WARA,LW,Producer
BG-0061-3_P,784410.4,3201242.77,3,WARA,MW,Producer
BG-0062-1_P,786932.62,3216397.08,11,WARA,MW,Producer
BG-0063-3_P,790298.89,3198037.77,5,WARA,LW,Producer
BG-0063-3_P,790298.89,3198037.77,5,WARA,MW,Producer
BG-0065-6_P,788951.94,3193812.51,5,WARA,LW,Producer
BG-0065-6_P,788951.94,3193812.51,5,WARA,MW,Producer
BG-0067-4_P,793081.37,3203140.93,6,WARA,LW,Producer
BG-0067-4_P,793081.37,3203140.93,6,WARA,MW,Producer
BG-0069-3_P,790382.07,3194685.65,5,WARA,MW,Producer
BG-0080-4_P,793121.37,3201458.73,6,WARA,MW,Producer
BG-0083-2_P,787482.22,3194613.91,5,WARA,LW,Producer
BG-0083-2_P,787482.22,3194613.91,5,WARA,MW,Producer
BG-0084-3_P,782980.25,3200368.73,3,WARA,LW,Producer
BG-0084-3_P,782980.25,3200368.73,3,WARA,MW,Producer
BG-0087-5_P,793202.0,3198110.76,5,WARA,MW,Producer
BG-0091-4_P,782811.51,3207072.02,3,WARA,MW,Producer
BG-0092-6_P,795811.1,3209914.54,6,WARA,MW,Producer
BG-0094-4_P,784157.66,3211298.23,3,WARA,LW,Producer
BG-0094-4_P,784157.66,3211298.23,3,WARA,MW,Producer
BG-0105-2_P,786219.55,3206319.09,13,WARA,LW,Producer
BG-0107-6_P,786681.9400000002,3207168.62,13,WARA,LW,Producer
BG-0107-6_P,786681.9400000002,3207168.62,13,WARA,MW,Producer
BG-0128-3_P,792066.18,3204788.85,13,WARA,LW,Producer
BG-0128-3_P,792066.18,3204788.85,13,WARA,MW,Producer
BG-0134-2_P,782559.37,3217126.08,2,WARA,LW,Producer
BG-0134-2_P,782559.37,3217126.08,2,WARA,MW,Producer
BG-0152-1_P,784873.97,3202093.55,3,WARA,LW,Producer
BG-0152-1_P,784873.97,3202093.55,3,WARA,MW,Producer
BG-0164-3_P,785210.39,3207971.55,12,WARA,LW,Producer
BG-0166-5_P,783308.92,3206246.81,3,WARA,LW,Producer
BG-0166-5_P,783308.92,3206246.81,3,WARA,MW,Producer
BG-0170-3_P,791503.58,3207847.6,13,WARA,LW,Producer
BG-0170-3_P,791503.58,3207847.6,13,WARA,MW,Producer
BG-0179-5_P,792191.32,3199762.24,6,WARA,LW,Producer
BG-0179-5_P,792191.32,3199762.24,6,WARA,MW,Producer
BG-0181-3_P,790802.76,3197210.62,5,WARA,LW,Producer
BG-0181-3_P,790802.76,3197210.62,5,WARA,MW,Producer
BG-0184-1_P,794971.4,3204862.8,6,WARA,MW,Producer
BG-0185-4_P,792654.34,3200610.9500000007,6,WARA,LW,Producer
BG-0185-4_P,792654.34,3200610.9500000007,6,WARA,MW,Producer
BG-0188-3_P,794000.0500000002,3204836.16,6,WARA,MW,Producer
BG-0192-4_P,788405.16,3196312.16,5,WARA,LW,Producer
BG-0192-4_P,788405.16,3196312.16,5,WARA,MW,Producer
BG-0206-1_P,785417.59,3199589.65,3,WARA,LW,Producer
BG-0206-1_P,785417.59,3199589.65,3,WARA,MW,Producer
BG-0207-5_P,783274.15,3207922.3800000013,3,WARA,LW,Producer
BG-0207-5_P,783274.15,3207922.3800000013,3,WARA,MW,Producer
BG-0210-2_P,794590.51,3200660.71,6,WARA,LW,Producer
BG-0210-2_P,794590.51,3200660.71,6,WARA,MW,Producer
BG-0212-4_P,783816.17,3202026.66,3,WARA,LW,Producer
BG-0212-4_P,783816.17,3202026.66,3,WARA,MW,Producer
BG-0217-3_P,785740.29,3206027.32,13,WARA,LW,Producer
BG-0221-4_P,783862.92,3203744.74,3,WARA,LW,Producer
BG-0221-4_P,783862.92,3203744.74,3,WARA,MW,Producer
BG-0223-4_P,783360.1,3204570.33,3,WARA,LW,Producer
BG-0223-4_P,783360.1,3204570.33,3,WARA,MW,Producer
BG-0234-1_P,783883.22,3198716.67,4,WARA,LW,Producer
BG-0234-1_P,783883.22,3198716.67,4,WARA,MW,Producer
BG-0236-2_P,784984.36,3198624.97,4,WARA,LW,Producer
BG-0236-2_P,784984.36,3198624.97,4,WARA,MW,Producer
BG-0241-1_P,786975.21,3195439.21,4,WARA,LW,Producer
BG-0242-2_P,788447.08,3194637.66,5,WARA,MW,Producer
BG-0243-2_P,789415.18,3194661.1,5,WARA,LW,Producer
BG-0243-2_P,789415.18,3194661.1,5,WARA,MW,Producer
BG-0244-2_P,790844.41,3195535.68,5,WARA,LW,Producer
BG-0244-2_P,790844.41,3195535.68,5,WARA,MW,Producer
BG-0245-2_P,791308.95,3196384.96,5,WARA,LW,Producer
BG-0245-2_P,791308.95,3196384.96,5,WARA,MW,Producer
BG-0246-3_P,792276.2,3196408.96,5,WARA,MW,Producer
BG-0247-4_P,792234.47,3198085.63,5,WARA,LW,Producer
BG-0247-4_P,792234.47,3198085.63,5,WARA,MW,Producer
BG-0248-3_P,792695.15,3198936.36,5,WARA,MW,Producer
BG-0249-4_P,793623.52,3200635.3,6,WARA,LW,Producer
BG-0249-4_P,793623.52,3200635.3,6,WARA,MW,Producer
BG-0252-2_P,794043.05,3203162.68,6,WARA,MW,Producer
BG-0253-3_P,795473.35,3204035.92,6,WARA,MW,Producer
BG-0256-2_P,784579.17,3213824.08,12,WARA,LW,Producer
BG-0256-2_P,784579.17,3213824.08,12,WARA,MW,Producer
BG-0257-4_P,784074.37,3214648.5,2,WARA,MW,Producer
BG-0258-5_P,783611.26,3213799.33,2,WARA,LW,Producer
BG-0258-5_P,783611.26,3213799.33,2,WARA,MW,Producer
BG-0259-2_P,783148.46,3212948.6,2,WARA,LW,Producer
BG-0259-2_P,783148.46,3212948.6,2,WARA,MW,Producer
BG-0261-3_P,781889.9499999998,3205372.44,3,WARA,LW,Producer
BG-0261-3_P,781889.9499999998,3205372.44,3,WARA,MW,Producer
BG-0262-5_P,789550.66,3208920.85,13,WARA,LW,Producer
BG-0262-5_P,789550.66,3208920.85,13,WARA,MW,Producer
BG-0277-1_P,789835.87,3216470.11,10,WARA,LW,Producer
BG-0277-1_P,789835.87,3216470.11,10,WARA,MW,Producer
BG-0281-1_P,793790.61,3213217.14,10,WARA,LW,Producer
BG-0281-1_P,793790.61,3213217.14,10,WARA,MW,Producer
BG-0298-2_P,796863.39,3206586.83,6,WARA,LW,Producer
BG-0298-2_P,796863.39,3206586.83,6,WARA,MW,Producer
BG-0299-1_P,796880.37,3208281.52,6,WARA,LW,Producer
BG-0299-1_P,796880.37,3208281.52,6,WARA,MW,Producer
BG-0300-2_P,796778.63,3209938.7,6,WARA,LW,Producer
BG-0300-2_P,796778.63,3209938.7,6,WARA,MW,Producer
BG-0304-1_P,795726.75,3213265.23,10,WARA,LW,Producer
BG-0304-1_P,795726.75,3213265.23,10,WARA,MW,Producer
BG-0309-4_P,789050.8,3209135.8,13,WARA,MW,Producer
BG-0313-4_P,788178.4700000002,3206950.4,13,WARA,MW,Producer
BG-0316-2_P,782348.56,3206221.38,3,WARA,MW,Producer
BG-0323-5_P,788058.1999999998,3210280.6300000013,12,WARA,LW,Producer
BG-0323-5_P,788058.1999999998,3210280.6300000013,12,WARA,MW,Producer
BG-0329-3_P,786710.59,3206051.22,13,WARA,MW,Producer
BG-0344-4_P,779068.35,3201946.83,3,WARA,LW,Producer
BG-0344-4_P,779068.35,3201946.83,3,WARA,MW,Producer
BG-0345-1_I,789012.08,3191298.0,4,WARA,MW,Injector
BG-0362-3_P,793959.29,3206513.23,11,WARA,LW,Producer
BG-0362-3_P,793959.29,3206513.23,11,WARA,MW,Producer
BG-0365-2_P,787985.68,3213069.5,12,WARA,LW,Producer
BG-0365-2_P,787985.68,3213069.5,12,WARA,MW,Producer
BG-0383-5_P,785125.66,3211322.01,12,WARA,LW,Producer
BG-0383-5_P,785125.66,3211322.01,12,WARA,MW,Producer
BG-0424-3_P,781407.87,3204523.51,3,WARA,MW,Producer
BG-0432-6_P,786104.33,3210222.93,12,WARA,LW,Producer
BG-0432-6_P,786104.33,3210222.93,12,WARA,MW,Producer
BG-0450-2_P,788363.42,3207624.36,13,WARA,MW,Producer
BG-0453-5_P,790246.11,3209331.9,13,WARA,LW,Producer
BG-0453-5_P,790246.11,3209331.9,13,WARA,MW,Producer
BG-0467-4_P,791352.44,3204360.23,13,WARA,LW,Producer
BG-0468-2_P,791880.23,3216386.88,10,WARA,LW,Producer
BG-0468-2_P,791880.23,3216386.88,10,WARA,MW,Producer
BG-0476-3_P,789199.15,3210227.16,12,WARA,LW,Producer
BG-0476-3_P,789199.15,3210227.16,12,WARA,MW,Producer
BG-0477-2_P,791661.48,3214730.31,10,WARA,LW,Producer
BG-0477-2_P,791661.48,3214730.31,10,WARA,MW,Producer
BG-0490H-1_P,792221.04,3207443.7800000007,13,WARA,LW,Producer
BG-0492-2_I,779635.17,3202769.14,3,WARA,LW,Injector
BG-0492-2_I,779635.17,3202769.14,3,WARA,MW,Injector
BG-0493-3_P,779761.27,3201094.02,3,WARA,MW,Producer
BG-0494-2_I,779893.43,3206207.94,3,WARA,LW,Injector
BG-0494-2_I,779893.43,3206207.94,3,WARA,MW,Injector
BG-0495-2_I,779656.1,3204424.4,3,WARA,LW,Injector
BG-0495-2_I,779656.1,3204424.4,3,WARA,MW,Injector
BG-0503-6_P,782392.82,3202866.93,3,WARA,MW,Producer
BG-0534-3_P,781109.8,3200962.06,3,WARA,MW,Producer
BG-0539-4_P,782949.99,3204860.09,3,WARA,LW,Producer
BG-0539-4_P,782949.99,3204860.09,3,WARA,MW,Producer
BG-0540-1_I,789762.7,3191631.88,4,WARA,MW,Injector
BG-0541-4_P,783000.26,3215074.97,2,WARA,LW,Producer
BG-0541-4_P,783000.26,3215074.97,2,WARA,MW,Producer
BG-0558-2_P,790510.0,3206638.0,13,WARA,MW,Producer
BG-0559-6_P,790090.0,3206998.0,13,WARA,LW,Producer
BG-0561-3_P,779591.0,3208644.0,3,WARA,LW,Producer
BG-0561-3_P,779591.0,3208644.0,3,WARA,MW,Producer
BG-0573-4_P,790463.745,3205151.66,13,WARA,LW,Producer
BG-0575ST2-2_P,784915.8887499998,3208144.4025,12,WARA,MW,Producer
BG-0581-2_P,796372.0,3205432.0,6,WARA,LW,Producer
BG-0581-2_P,796372.0,3205432.0,6,WARA,MW,Producer
BG-0582-4_P,778793.0,3206542.0,3,WARA,LW,Producer
BG-0582-4_P,778793.0,3206542.0,3,WARA,MW,Producer
BG-0602-3_P,778665.0,3203252.0,3,WARA,LW,Producer
BG-0602-3_P,778665.0,3203252.0,3,WARA,MW,Producer
BG-0603-1_I,780850.0,3198350.0,3,WARA,MW,Injector
BG-0604-1_I,787596.0,3191947.0,4,WARA,LW,Injector
BG-0604-1_I,787596.0,3191947.0,4,WARA,MW,Injector
BG-0616-3_P,792870.0,3201907.0,6,WARA,LW,Producer
BG-0616-3_P,792870.0,3201907.0,6,WARA,MW,Producer
BG-0657-1_I,790911.0,3191067.0,5,WARA,MW,Injector
BG-0669-6_P,787291.5,3206930.69,13,WARA,LW,Producer
BG-0669-6_P,787291.5,3206930.69,13,WARA,MW,Producer
BG-0670-6_P,789968.79,3197798.195,5,WARA,LW,Producer
BG-0689-1_P,778900.96,3205514.89,3,WARA,LW,Producer
BG-0689-1_P,778900.96,3205514.89,3,WARA,MW,Producer
BG-0690-2_P,779396.76,3207713.29,3,WARA,LW,Producer
BG-0690-2_P,779396.76,3207713.29,3,WARA,MW,Producer
BG-0691-4_P,780934.62,3203573.64,3,WARA,LW,Producer
BG-0691-4_P,780934.62,3203573.64,3,WARA,MW,Producer
BG-0692-1_P,781093.4,3206330.3,3,WARA,LW,Producer
BG-0692-1_P,781093.4,3206330.3,3,WARA,MW,Producer
BG-0693-1_P,781737.71,3208232.1,3,WARA,LW,Producer
BG-0693-1_P,781737.71,3208232.1,3,WARA,MW,Producer
BG-0694-2_I,779624.95,3203613.06,3,WARA,LW,Injector
BG-0694-2_I,779624.95,3203613.06,3,WARA,MW,Injector
BG-0694-3_I,779624.95,3203613.06,3,WARA,MW,Injector
BG-0695-2_I,780293.48,3207464.08,3,WARA,LW,Injector
BG-0695-2_I,780293.48,3207464.08,3,WARA,MW,Injector
BG-0695-3_I,780293.48,3207464.08,3,WARA,LW,Injector
BG-0695-3_I,780293.48,3207464.08,3,WARA,MW,Injector
BG-0710-1_I,779707.38,3209781.61,2,WARA,LW,Injector
BG-0710-1_I,779707.38,3209781.61,2,WARA,MW,Injector
BG-0710-2_I,779707.38,3209781.61,2,WARA,MW,Injector
BG-0710-3_I,779707.38,3209781.61,2,WARA,MW,Injector
BG-0711-1_I,780500.2200000002,3210677.2,2,WARA,LW,Injector
BG-0711-1_I,780500.2200000002,3210677.2,2,WARA,MW,Injector
BG-0712-3_P,779018.85,3201070.62,3,WARA,MW,Producer
BG-0713-1_I,778939.04,3199998.22,3,WARA,LW,Injector
BG-0713-1_I,778939.04,3199998.22,3,WARA,MW,Injector
BG-0713-2_I,778939.04,3199998.22,3,WARA,LW,Injector
BG-0713-3_I,778939.04,3199998.22,3,WARA,MW,Injector
BG-0714-1_I,779454.32,3199301.3,3,WARA,LW,Injector
BG-0714-1_I,779454.32,3199301.3,3,WARA,MW,Injector
BG-0715-1_I,780594.79,3199329.0,3,WARA,MW,Injector
BG-0716-1_I,780679.0,3211706.0,2,WARA,MW,Injector
BG-0717-1_I,780891.49,3212689.1,2,WARA,LW,Injector
BG-0717-1_I,780891.49,3212689.1,2,WARA,MW,Injector
BG-0717-2_I,780891.49,3212689.1,2,WARA,LW,Injector
BG-0717-3_I,780891.4899999999,3212689.1,2,WARA,LW,Injector
BG-0717-3_I,780891.4899999999,3212689.1,2,WARA,MW,Injector
BG-0718-1_I,780872.8,3213635.87,2,WARA,LW,Injector
BG-0718-1_I,780872.8,3213635.87,2,WARA,MW,Injector
BG-0719-1_I,781414.0,3214437.0,2,WARA,MW,Injector
BG-0720-1_I,781467.61,3215735.79,2,WARA,LW,Injector
BG-0720-1_I,781467.61,3215735.79,2,WARA,MW,Injector
BG-0721-1_I,781959.99,3198009.94,4,WARA,LW,Injector
BG-0721-1_I,781959.99,3198009.94,4,WARA,MW,Injector
BG-0722-1_I,782867.46,3197685.77,4,WARA,LW,Injector
BG-0722-1_I,782867.46,3197685.77,4,WARA,MW,Injector
BG-0723-1_I,783842.36,3197335.94,4,WARA,MW,Injector
BG-0724-3_P,784392.0,3196923.0,4,WARA,LW,Producer
BG-0724-3_P,784392.0,3196923.0,4,WARA,MW,Producer
BG-0725-1_I,787995.17,3191032.6,4,WARA,LW,Injector
BG-0725-1_I,787995.17,3191032.6,4,WARA,MW,Injector
BG-0727-1_I,794082.65,3198120.27,5,WARA,MW,Injector
BG-0728-1_I,781680.55,3216493.6,2,WARA,MW,Injector
BG-0729-2_P,796851.42,3208863.32,6,WARA,MW,Producer
BG-0732-1_P,779599.62,3214052.19,2,WARA,LW,Producer
BG-0732-1_P,779599.62,3214052.19,2,WARA,MW,Producer
BG-0735-2_P,777576.23,3198359.67,3,WARA,MW,Producer
BG-0737-1_I,777695.31,3203461.95,3,WARA,LW,Injector
BG-0737-1_I,777695.31,3203461.95,3,WARA,MW,Injector
BG-0738-2_P,780574.88,3217434.19,2,WARA,LW,Producer
BG-0738-2_P,780574.88,3217434.19,2,WARA,MW,Producer
BG-0739-1_I,786148.81,3193622.25,4,WARA,LW,Injector
BG-0739-1_I,786148.81,3193622.25,4,WARA,MW,Injector
BG-0740-1_I,792321.17,3192437.33,5,WARA,MW,Injector
BG-0741-1_I,794928.13,3198498.69,6,WARA,MW,Injector
BG-0742-1_I,798505.4,3205022.02,6,WARA,MW,Injector
BG-0743-1_I,799232.01,3209269.3,6,WARA,MW,Injector
BG-0749-1_I,792962.07,3194495.51,5,WARA,LW,Injector
BG-0749-1_I,792962.07,3194495.51,5,WARA,MW,Injector
BG-0753-1_I,782061.0,3217773.0,2,WARA,MW,Injector
BG-0754-1_I,781998.4,3219460.27,2,WARA,LW,Injector
BG-0754-1_I,781998.4,3219460.27,2,WARA,MW,Injector
BG-0756-1_I,784691.21,3196089.82,4,WARA,LW,Injector
BG-0756-1_I,784691.21,3196089.82,4,WARA,MW,Injector
BG-0757-1_I,784878.83,3195179.630000001,4,WARA,LW,Injector
BG-0757-1_I,784878.83,3195179.630000001,4,WARA,MW,Injector
BG-0758-1_I,785493.6,3194437.6,4,WARA,LW,Injector
BG-0759-1_I,786856.15,3192639.02,4,WARA,LW,Injector
BG-0759-1_I,786856.15,3192639.02,4,WARA,MW,Injector
BG-0760-4_P,792037.79,3191631.64,5,WARA,MW,Producer
BG-0761-1_I,792644.0,3193462.0,5,WARA,LW,Injector
BG-0761-1_I,792644.0,3193462.0,5,WARA,MW,Injector
BG-0762-4_P,796589.61,3206093.37,6,WARA,MW,Producer
BG-0763-2_P,797292.51,3207027.02,6,WARA,LW,Producer
BG-0763-2_P,797292.51,3207027.02,6,WARA,MW,Producer
BG-0764-3_P,796616.52,3207721.07,6,WARA,MW,Producer
BG-0765-5_P,797414.42,3209559.32,6,WARA,MW,Producer
BG-0767-4_P,797461.1999999998,3208306.3800000013,6,WARA,MW,Producer
BG-0772-1_I,795789.65,3201063.44,6,WARA,LW,Injector
BG-0772-1_I,795789.65,3201063.44,6,WARA,MW,Injector
BG-0773-4_P,795406.03,3202006.48,6,WARA,MW,Producer
BG-0774-1_I,796228.9700000002,3202368.5,6,WARA,MW,Injector
BG-0775-4_P,796641.26,3204172.51,6,WARA,LW,Producer
BG-0775-4_P,796641.26,3204172.51,6,WARA,MW,Producer
BG-0776-2_P,796699.5,3205044.42,6,WARA,LW,Producer
BG-0776-2_P,796699.5,3205044.42,6,WARA,MW,Producer
BG-0777-1_I,795498.83,3200179.14,6,WARA,MW,Injector
BG-0778-2_I,795319.51,3199288.49,6,WARA,LW,Injector
BG-0778-2_I,795319.51,3199288.49,6,WARA,MW,Injector
BG-0779-1_I,793422.0,3195496.0,5,WARA,LW,Injector
BG-0779-1_I,793422.0,3195496.0,5,WARA,MW,Injector
BG-0780-1_I,793970.95,3196429.09,5,WARA,LW,Injector
BG-0780-1_I,793970.95,3196429.09,5,WARA,MW,Injector
BG-0781-1_I,794493.74,3197232.18,5,WARA,LW,Injector
BG-0781-1_I,794493.74,3197232.18,5,WARA,MW,Injector
BG-0791-2_P,782315.22,3195908.6,4,WARA,MW,Producer
BG-0794-6_P,797817.0,3214439.0,7,WARA,MW,Producer
BG-0796-5_P,781946.21,3199930.85,3,WARA,LW,Producer
BG-0796-5_P,781946.21,3199930.85,3,WARA,MW,Producer
BG-0828-1_I,799749.0,3213160.0,7,WARA,MW,Injector
BG-0831-2_I,799262.91,3208128.91,6,WARA,MW,Injector
BG-0832-1_I,798876.4700000002,3206982.06,6,WARA,MW,Injector
BG-0833-1_I,798751.12,3206179.41,6,WARA,LW,Injector
BG-0833-1_I,798751.12,3206179.41,6,WARA,MW,Injector
BG-0834-1_I,798230.77,3204017.99,6,WARA,LW,Injector
BG-0834-1_I,798230.77,3204017.99,6,WARA,MW,Injector
BG-0839-1_I,795978.0,3201549.0,6,WARA,MW,Injector
BG-0840-2_I,796836.0,3202782.0,6,WARA,LW,Injector
BG-0840-2_I,796836.0,3202782.0,6,WARA,MW,Injector
BG-0841-2_I,797408.73,3203433.61,6,WARA,LW,Injector
BG-0841-2_I,797408.73,3203433.61,6,WARA,MW,Injector
BG-0842-1_I,791699.2,3191156.0,5,WARA,LW,Injector
BG-0842-1_I,791699.2,3191156.0,5,WARA,MW,Injector
BG-0843-1_I,778196.23,3200560.97,3,WARA,LW,Injector
BG-0843-1_I,778196.23,3200560.97,3,WARA,MW,Injector
BG-0844-1_I,778095.5,3202524.03,3,WARA,LW,Injector
BG-0844-1_I,778095.5,3202524.03,3,WARA,MW,Injector
BG-0845-1_I,778042.5,3201515.0,3,WARA,LW,Injector
BG-0845-1_I,778042.5,3201515.0,3,WARA,MW,Injector
BG-0846-1_I,777618.5,3204450.47,3,WARA,LW,Injector
BG-0846-1_I,777618.5,3204450.47,3,WARA,MW,Injector
BG-0847-1_I,778216.55,3205078.3,3,WARA,LW,Injector
BG-0847-1_I,778216.5500000002,3205078.3,3,WARA,MW,Injector
BG-0848-1_I,780046.0,3201952.9,3,WARA,LW,Injector
BG-0848-1_I,780046.0,3201952.9,3,WARA,MW,Injector
BG-0849-1_P,778786.7,3200543.0,3,WARA,MW,Producer
BG-0850-1_P,779458.0,3201457.0,3,WARA,LW,Producer
BG-0850-1_P,779458.0,3201457.0,3,WARA,MW,Producer
BG-0851-1_P,778955.08,3202692.12,3,WARA,LW,Producer
BG-0851-1_P,778955.08,3202692.12,3,WARA,MW,Producer
BG-0853-2_P,779241.55,3204899.56,3,WARA,LW,Producer
BG-0854-1_P,778426.04,3205981.31,3,WARA,LW,Producer
BG-0854-1_P,778426.04,3205981.31,3,WARA,MW,Producer
BG-0855-1_P,779380.37,3206956.61,3,WARA,LW,Producer
BG-0855-1_P,779380.37,3206956.61,3,WARA,MW,Producer
BG-0857-2_P,780323.0,3208354.0,3,WARA,LW,Producer
BG-0857-2_P,780323.0,3208354.0,3,WARA,MW,Producer
BG-0860-2_P,779777.74,3211074.74,2,WARA,LW,Producer
BG-0860-2_P,779777.74,3211074.74,2,WARA,MW,Producer
BG-0861-1_P,779974.84,3212023.8,2,WARA,LW,Producer
BG-0861-1_P,779974.84,3212023.8,2,WARA,MW,Producer
BG-0862-1_P,780290.5,3212915.0,2,WARA,LW,Producer
BG-0862-1_P,780290.5,3212915.0,2,WARA,MW,Producer
BG-0863-1_P,780843.43,3214326.72,2,WARA,LW,Producer
BG-0863-1_P,780843.43,3214326.72,2,WARA,MW,Producer
BG-0867-1_I,795862.02,3200587.83,6,WARA,MW,Injector
BG-0868-1_I,795366.79,3199761.16,6,WARA,MW,Injector
BG-0869-1_I,795262.9,3198835.37,6,WARA,MW,Injector
BG-0870-1_P,777221.0025,3203696.055,3,WARA,LW,Producer
BG-0870-1_P,777221.0025,3203696.055,3,WARA,MW,Producer
BG-0871-1_P,781044.26,3202489.6,3,WARA,LW,Producer
BG-0871-1_P,781044.26,3202489.6,3,WARA,MW,Producer
BG-0872-4_P,781495.71,3211187.71,2,WARA,LW,Producer
BG-0873ST1-1_P,781642.0,3212275.0,2,WARA,LW,Producer
BG-0873ST1-1_P,781642.0,3212275.0,2,WARA,MW,Producer
BG-0875-2_P,782081.0,3213935.3,2,WARA,MW,Producer
BG-0878-2_P,794060.82,3198932.1600000006,6,WARA,MW,Producer
BG-0879-2_P,792192.16,3194881.46,5,WARA,LW,Producer
BG-0879-2_P,792192.16,3194881.46,5,WARA,MW,Producer
BG-0881-4_P,788365.62,3191760.74,4,WARA,LW,Producer
BG-0881-4_P,788365.62,3191760.74,4,WARA,MW,Producer
BG-0883-3_P,787231.88,3193652.45,4,WARA,LW,Producer
BG-0883-3_P,787231.88,3193652.45,4,WARA,MW,Producer
BG-0884-1_P,781357.0,3200092.0,3,WARA,LW,Producer
BG-0884-1_P,781357.0,3200092.0,3,WARA,MW,Producer
BG-0885-2_P,779268.2600000001,3200591.7900000005,3,WARA,LW,Producer
BG-0885-2_P,779268.2600000001,3200591.7900000005,3,WARA,MW,Producer
BG-0907-1_P,786339.15,3194422.56,4,WARA,MW,Producer
BG-0909-3_P,797314.0,3204355.0,6,WARA,LW,Producer
BG-0911-1_P,781525.82,3199010.22,3,WARA,MW,Producer
BG-0912-2_P,789452.82,3192705.01,5,WARA,MW,Producer
BG-0913-2_P,788473.78,3192788.8,4,WARA,LW,Producer
BG-0913-2_P,788473.78,3192788.8,4,WARA,MW,Producer
BG-0914-2_P,785599.1,3196341.3,4,WARA,MW,Producer
BG-0915-2_P,782659.93,3198745.4500000007,4,WARA,LW,Producer
BG-0915-2_P,782659.93,3198745.4500000007,4,WARA,MW,Producer
BG-0916-3_P,780598.46,3209954.24,3,WARA,LW,Producer
BG-0916-3_P,780598.46,3209954.24,3,WARA,MW,Producer
BG-0917-3_P,793374.7600000001,3198726.3,5,WARA,MW,Producer
BG-0918-1_P,795517.08,3202706.9,6,WARA,LW,Producer
BG-0918-1_P,795517.08,3202706.9,6,WARA,MW,Producer
BG-0919-3_P,794366.0,3199407.0,6,WARA,MW,Producer
BG-0920-3_P,780277.02,3200404.2000000007,3,WARA,LW,Producer
BG-0920-3_P,780277.02,3200404.2000000007,3,WARA,MW,Producer
BG-0921-1_P,798173.52,3207368.46,6,WARA,MW,Producer
BG-0922ST1-3_P,797844.12,3205743.92,6,WARA,MW,Producer
BG-0958-3_P,789092.6699999998,3213058.34,11,WARA,MW,Producer
BG-0959-6_P,785508.87,3214464.48,12,WARA,LW,Producer
BG-0960-5_P,783853.395,3209460.5700000008,3,WARA,LW,Producer
BG-0960-5_P,783853.395,3209460.5700000008,3,WARA,MW,Producer
BG-0965-5_P,789110.2150000002,3195025.485,5,WARA,LW,Producer
BG-0965-5_P,789110.2150000002,3195025.485,5,WARA,MW,Producer
BG-0966-2_P,783380.4125000002,3205444.93,3,WARA,LW,Producer
BG-0966-2_P,783380.4125000002,3205444.93,3,WARA,MW,Producer
BG-0971-3_P,785619.935,3199148.105,4,WARA,LW,Producer
BG-0976-4_P,797742.05,3212215.64,6,WARA,MW,Producer
BG-0979-2_P,782221.6999999998,3215041.0,2,WARA,MW,Producer
BG-0980-3_P,782470.0,3216092.0,2,WARA,MW,Producer
BG-0982-4_P,781253.5,3207257.84,3,WARA,LW,Producer
BG-0982-4_P,781253.5,3207257.84,3,WARA,MW,Producer
BG-0984ST1-1_P,781522.5916666667,3210329.5975,3,WARA,LW,Producer
BG-0984ST1-1_P,781522.5916666667,3210329.5975,3,WARA,MW,Producer
BG-0985-2_P,782828.02,3215549.08,2,WARA,LW,Producer
BG-0985-2_P,782828.02,3215549.08,2,WARA,MW,Producer
BG-0987-4_P,797350.035,3205299.155,6,WARA,MW,Producer
BG-0991-4_P,788495.96,3193516.7000000007,5,WARA,LW,Producer
BG-0991-4_P,788495.96,3193516.7000000007,5,WARA,MW,Producer
BG-1012-2_P,782344.205,3211163.46,3,WARA,MW,Producer
BG-1024-7_P,791239.635,3216147.33,10,WARA,LW,Producer
BG-1024-7_P,791239.635,3216147.33,10,WARA,MW,Producer
BG-1026-6_P,785120.685,3201723.46,3,WARA,LW,Producer
BG-1027ST1-5_P,783916.34,3201433.9,3,WARA,LW,Producer
BG-1027ST1-5_P,783916.34,3201433.9,3,WARA,MW,Producer
BG-1029-4_P,787984.745,3196101.18,5,WARA,LW,Producer
BG-1029-4_P,787984.745,3196101.18,5,WARA,MW,Producer
BG-1033-4_P,779232.51,3201571.57,3,WARA,LW,Producer
BG-1033-4_P,779232.51,3201571.57,3,WARA,MW,Producer
BG-1034-2_P,778411.17,3201049.94,3,WARA,LW,Producer
BG-1036ST1-3_P,777781.4899999999,3202041.97,3,WARA,LW,Producer
BG-1037-2_P,778184.4,3203058.83,3,WARA,LW,Producer
BG-1037-2_P,778184.4,3203058.83,3,WARA,MW,Producer
BG-1038-3_P,782958.98,3199114.67,3,WARA,LW,Producer
BG-1038-3_P,782958.98,3199114.67,3,WARA,MW,Producer
BG-1039-2_P,779110.0,3207100.0,3,WARA,LW,Producer
BG-1039-2_P,779110.0,3207100.0,3,WARA,MW,Producer
BG-1040-2_P,781417.74,3217729.02,2,WARA,LW,Producer
BG-1040-2_P,781417.74,3217729.02,2,WARA,MW,Producer
BG-1041-2_P,781835.8,3211677.06,2,WARA,MW,Producer
BG-1042-2_P,783084.23,3198226.97,4,WARA,LW,Producer
BG-1042-2_P,783084.23,3198226.97,4,WARA,MW,Producer
BG-1052-1_P,780885.1499999998,3198739.475,3,WARA,LW,Producer
BG-1052-1_P,780885.1499999998,3198739.475,3,WARA,MW,Producer
BG-1054-1_P,786569.8,3195853.8,4,WARA,LW,Producer
BG-1054-1_P,786569.8,3195853.8,4,WARA,MW,Producer
BG-1055-1_P,779961.765,3199117.495,3,WARA,LW,Producer
BG-1055-1_P,779961.765,3199117.495,3,WARA,MW,Producer
BG-1056-2_P,787178.495,3194964.95,4,WARA,LW,Producer
BG-1056-2_P,787178.495,3194964.95,4,WARA,MW,Producer
BG-1058-1_P,780660.28,3200753.9,3,WARA,LW,Producer
BG-1058-1_P,780660.28,3200753.9,3,WARA,MW,Producer
BG-1059-2_P,796330.71,3202945.66,6,WARA,LW,Producer
BG-1059-2_P,796330.71,3202945.66,6,WARA,MW,Producer
BG-1061-2_P,778646.4750000002,3205159.645,3,WARA,MW,Producer
BG-1062-2_P,778586.3799999999,3202566.51,3,WARA,LW,Producer
BG-1062-2_P,778586.3799999999,3202566.51,3,WARA,MW,Producer
BG-1063-3_P,797000.32,3203470.46,6,WARA,LW,Producer
BG-1064-3_P,777651.685,3202978.52,3,WARA,LW,Producer
BG-1064-3_P,777651.685,3202978.52,3,WARA,MW,Producer
BG-1065-3_P,778237.88,3204000.61,3,WARA,MW,Producer
BG-1066-4_P,782578.75,3198058.71,4,WARA,LW,Producer
BG-1066-4_P,782578.75,3198058.71,4,WARA,MW,Producer
BG-1067-1_P,786650.78,3193783.12,4,WARA,MW,Producer
BG-1068-4_P,790900.07,3193440.34,5,WARA,LW,Producer
BG-1068-4_P,790900.07,3193440.34,5,WARA,MW,Producer
BG-1069-3_P,787999.01,3192769.53,4,WARA,MW,Producer
BG-1070-4_P,792564.4,3198662.75,5,WARA,MW,Producer
BG-1075-2_P,797310.0,3203994.0,6,WARA,LW,Producer
BG-1075-2_P,797310.0,3203994.0,6,WARA,MW,Producer
BG-1076-1_P,798215.505,3210176.47,6,WARA,MW,Producer
BG-1077-2_P,784172.3,3199251.78,4,WARA,LW,Producer
BG-1077-2_P,784172.3,3199251.78,4,WARA,MW,Producer
BG-1078-2_P,783782.62,3211061.59,3,WARA,LW,Producer
BG-1078-2_P,783782.62,3211061.59,3,WARA,MW,Producer
BG-1080-2_P,781483.18,3203892.3,3,WARA,MW,Producer
BG-1081-2_P,783459.3,3216682.0,2,WARA,LW,Producer
BG-1081-2_P,783459.3,3216682.0,2,WARA,MW,Producer
BG-1082-2_P,782437.8,3212593.88,2,WARA,LW,Producer
BG-1082-2_P,782437.8,3212593.88,2,WARA,MW,Producer
BG-1083-3_P,782432.0,3213498.0,2,WARA,LW,Producer
BG-1083-3_P,782432.0,3213498.0,2,WARA,MW,Producer
BG-1096-2_P,781446.6690000001,3205779.900000001,3,WARA,LW,Producer
BG-1097-1_I,782033.6926666666,3205746.351916666,3,WARA,MW,Injector
BG-1098-1_P,781717.6950000002,3206219.9050000007,3,WARA,LW,Producer
BG-1098-1_P,781717.6950000002,3206219.9050000007,3,WARA,MW,Producer
BG-1099-2_I,781930.935,3206608.4675000007,3,WARA,LW,Injector
BG-1099-2_I,781930.935,3206608.4675000007,3,WARA,MW,Injector
BG-1100ST1-2_P,782306.345,3205239.434166666,3,WARA,MW,Producer
BG-1101-1_I,782716.4040625,3205164.633125,3,WARA,LW,Injector
BG-1101-1_I,782709.6715625002,3205173.651125,3,WARA,MW,Injector
BG-1102-1_P,782496.1471428571,3205642.813571428,3,WARA,LW,Producer
BG-1102-1_P,782496.1471428571,3205642.813571428,3,WARA,MW,Producer
BG-1103-1_I,782741.70625,3206094.1837499994,3,WARA,MW,Injector
BG-1104-1_I,781996.5110714284,3204725.949642857,3,WARA,LW,Injector
BG-1104-1_I,781997.8985714286,3204736.997142857,3,WARA,MW,Injector
BG-1105-2_P,782949.2641666669,3206506.798333334,3,WARA,LW,Producer
BG-1105-2_P,782949.2641666669,3206506.798333334,3,WARA,MW,Producer
BG-1106-3_P,780015.65375,3204848.65625,3,WARA,LW,Producer
BG-1106-3_P,780015.65375,3204848.65625,3,WARA,MW,Producer
BG-1107-1_P,780059.4775,3205771.20125,3,WARA,LW,Producer
BG-1107-1_P,780059.4775,3205771.20125,3,WARA,MW,Producer
BG-1109-3_P,780298.1825,3205319.9250000007,3,WARA,LW,Producer
BG-1109-3_P,780298.1825,3205319.9250000007,3,WARA,MW,Producer
BG-1111-1_I,780508.0726388891,3205782.342916667,3,WARA,MW,Injector
BG-1113-2_P,781550.2025,3204977.45,3,WARA,MW,Producer
BG-1114-1_I,781270.3022222223,3205263.9138888894,3,WARA,LW,Injector
BG-1114-1_I,781255.0303472222,3205262.5582638886,3,WARA,MW,Injector
BG-1115-1_I,780225.1435714286,3204355.218571428,3,WARA,LW,Injector
BG-1115-1_I,780228.0085714285,3204376.7610714287,3,WARA,MW,Injector
BG-1121-2_P,782198.73,3210621.28,3,WARA,LW,Producer
BG-1121-2_P,782198.73,3210621.28,3,WARA,MW,Producer
BG-1122-4_P,783714.27,3199824.21,3,WARA,LW,Producer
BG-1122-4_P,783714.27,3199824.21,3,WARA,MW,Producer
BG-1123-3_P,785032.34,3199409.78,3,WARA,LW,Producer
BG-1123-3_P,785032.34,3199409.78,3,WARA,MW,Producer
BG-1124-5_P,786017.31,3199203.64,4,WARA,LW,Producer
BG-1125-2_P,783765.56,3212047.625,3,WARA,LW,Producer
BG-1125-2_P,783765.56,3212047.625,3,WARA,MW,Producer
BG-1126-1_P,782228.69,3204321.3349999995,3,WARA,LW,Producer
BG-1126-1_P,782228.69,3204321.3349999995,3,WARA,MW,Producer
BG-1127-2_P,780686.08,3206227.7099999995,3,WARA,MW,Producer
BG-1128-2_P,782457.57,3214428.3,2,WARA,LW,Producer
BG-1128-2_P,782457.57,3214428.3,2,WARA,MW,Producer
BG-1137-1_I,791244.875,3195249.1500000013,5,WARA,MW,Injector
BG-1138-2_I,786931.25,3206742.99,13,WARA,LW,Injector
BG-1138-2_I,786931.25,3206742.99,13,WARA,MW,Injector
BG-1139-1_I,792461.3788333333,3199993.7990000006,6,WARA,LW,Injector
BG-1139-1_I,792459.4523333333,3199982.045541667,6,WARA,MW,Injector
BG-1141-1_I,785544.9447916667,3205341.564375,13,WARA,LW,Injector
BG-1142-1_I,793753.56,3204359.68,6,WARA,MW,Injector
BG-1143-1_I,794334.74,3203659.1550000007,6,WARA,LW,Injector
BG-1143-1_I,794334.74,3203659.1550000007,6,WARA,MW,Injector
BG-1144-2_I,787040.355,3207576.395,13,WARA,MW,Injector
BG-1145-1_I,794283.905,3206106.6550000007,11,WARA,LW,Injector
BG-1145-1_I,794283.905,3206106.6550000007,11,WARA,MW,Injector
BG-1147-2_P,791030.93,3199142.17,6,WARA,LW,Producer
BG-1147-2_P,791030.93,3199142.17,6,WARA,MW,Producer
BG-1152-4_P,788833.545,3192512.6550000007,4,WARA,MW,Producer
BG-1161-1_P,778174.36,3203526.705,3,WARA,LW,Producer
BG-1161-1_P,778174.36,3203526.705,3,WARA,MW,Producer
BG-1163-1_P,781749.54,3217629.49,2,WARA,LW,Producer
BG-1163-1_P,781749.54,3217629.49,2,WARA,MW,Producer
BG-1164-1_P,797198.87,3207702.9,6,WARA,LW,Producer
BG-1164-1_P,797198.87,3207702.9,6,WARA,MW,Producer
BG-1165-1_P,783064.4450000002,3205846.75,3,WARA,LW,Producer
BG-1165-1_P,783064.4450000002,3205846.75,3,WARA,MW,Producer
BG-1170-1_P,781183.15,3212948.26,2,WARA,LW,Producer
BG-1170-1_P,781183.15,3212948.26,2,WARA,MW,Producer
BG-1189-1_P,781860.8300000002,3202402.703333333,3,WARA,LW,Producer
BG-1189-1_P,781860.8300000002,3202402.703333333,3,WARA,MW,Producer
BG-1190-3_P,782204.698,3203393.7460000007,3,WARA,LW,Producer
BG-1190-3_P,782204.698,3203393.7460000007,3,WARA,MW,Producer
BG-1192-3_P,781414.1378571428,3202960.4821428573,3,WARA,LW,Producer
BG-1192-3_P,781414.1378571428,3202960.4821428573,3,WARA,MW,Producer
BG-1194-1_P,786578.551,3196766.705,4,WARA,MW,Producer
BG-1195-3_P,786302.980625,3197313.8125,4,WARA,LW,Producer
BG-1195-3_P,786302.980625,3197313.8125,4,WARA,MW,Producer
BG-1196-2_P,785769.0800000002,3197383.351666666,4,WARA,LW,Producer
BG-1196-2_P,785769.0800000002,3197383.351666666,4,WARA,MW,Producer
BG-1197-3_P,785340.0575,3195827.59,4,WARA,LW,Producer
BG-1197-3_P,785340.0575,3195827.59,4,WARA,MW,Producer
BG-1198-2_P,785454.0416666665,3196911.02,4,WARA,MW,Producer
BG-1199-1_I,782774.3831250002,3202448.429625001,3,WARA,LW,Injector
BG-1199-1_I,782761.89375,3202455.27525,3,WARA,MW,Injector
BG-1200-1_I,781920.4899999999,3202923.41,3,WARA,MW,Injector
BG-1201-1_I,781998.5654166667,3203882.268611111,3,WARA,LW,Injector
BG-1201-1_I,781995.4656111113,3203871.683416667,3,WARA,MW,Injector
BG-1204-1_I,786877.7190833334,3196297.770916667,4,WARA,LW,Injector
BG-1204-1_I,786866.8505336539,3196299.1705961544,4,WARA,MW,Injector
BG-1205-1_I,786766.5460000002,3197157.865,4,WARA,MW,Injector
BG-1206-1_I,785925.5873031138,3195819.3894780218,4,WARA,LW,Injector
BG-1206-1_I,785926.4871428572,3195828.0192857143,4,WARA,MW,Injector
BG-1207-2_I,786029.82,3196829.403333334,4,WARA,LW,Injector
BG-1207-2_I,786029.82,3196829.403333334,4,WARA,MW,Injector
BG-1208-1_I,785338.975037037,3197270.815472221,4,WARA,MW,Injector
BG-1217-1_I,795462.6916666668,3204983.374166666,6,WARA,MW,Injector
BG-1218-1_I,795930.4405625,3204519.5125,6,WARA,MW,Injector
BG-1219-1_I,795162.504375,3203957.753125,6,WARA,LW,Injector
BG-1219-1_I,795170.9405769231,3203961.9269986264,6,WARA,MW,Injector
BG-1222-2_P,796177.1640000001,3204003.836,6,WARA,MW,Producer
BG-1236-1_P,794991.9230000002,3205453.464,6,WARA,LW,Producer
BG-1236-1_P,794991.9230000002,3205453.464,6,WARA,MW,Producer
BG-1237-1_P,795583.2033333333,3205483.291666666,6,WARA,LW,Producer
BG-1237-1_P,795583.2033333333,3205483.291666666,6,WARA,MW,Producer
BG-1240-1_P,795654.4407142856,3206519.063571428,6,WARA,LW,Producer
BG-1240-1_P,795654.4407142856,3206519.063571428,6,WARA,MW,Producer
BG-1241-1_P,796186.34625,3205078.02875,6,WARA,MW,Producer
BG-1242-1_I,796072.1082142856,3205505.0910714283,6,WARA,MW,Injector
BG-1243-1_I,796257.87125,3206535.7418750008,6,WARA,MW,Injector
BG-1253-1_I,797775.76925,3207216.049,6,WARA,MW,Injector
BG-1254-1_P,798337.777,3208183.2240000004,6,WARA,LW,Producer
BG-1254-1_P,798337.777,3208183.2240000004,6,WARA,MW,Producer
BG-1255-1_I,797918.2441666665,3207920.3633333337,6,WARA,MW,Injector
BG-1257-2_P,797505.3705555557,3207641.3483333336,6,WARA,LW,Producer
BG-1257-2_P,797505.3705555557,3207641.3483333336,6,WARA,MW,Producer
BG-1258-1_I,797604.6045833331,3206494.943333333,6,WARA,MW,Injector
BG-1259-1_P,797193.6200000001,3206232.309166666,6,WARA,LW,Producer
BG-1259-1_P,797193.6200000001,3206232.309166666,6,WARA,MW,Producer
BG-1260-1_I,797216.3525,3208060.55125,6,WARA,MW,Injector
BG-1261-1_P,796874.81375,3207844.51375,6,WARA,MW,Producer
BG-1262-1_I,797063.8700000001,3207367.79,6,WARA,LW,Injector
BG-1262-1_I,797063.8700000001,3207367.79,6,WARA,MW,Injector
BG-1263-1_I,798212.592142857,3208847.0521428566,6,WARA,LW,Injector
BG-1263-1_I,798212.592142857,3208847.0521428566,6,WARA,MW,Injector
BG-1264-1_I,797743.167,3208973.965,6,WARA,LW,Injector
BG-1264-1_I,797743.167,3208973.965,6,WARA,MW,Injector
BG-1265ST1-2_P,798016.9335,3208537.185,6,WARA,LW,Producer
BG-1265ST1-2_P,798016.9335,3208537.185,6,WARA,MW,Producer
BG-1266-2_P,797465.645,3209312.875,6,WARA,LW,Producer
BG-1266-2_P,797465.645,3209312.875,6,WARA,MW,Producer
BG-1267-2_P,798182.265625,3209244.03125,6,WARA,LW,Producer
BG-1267-2_P,798182.265625,3209244.03125,6,WARA,MW,Producer
BG-1268-1_I,796994.1612053572,3209120.39,6,WARA,MW,Injector
BG-1269-1_I,797887.6071875,3209660.0290625,6,WARA,MW,Injector
BG-1271-1_I,797198.7697767856,3209835.6140625,6,WARA,MW,Injector
BG-1272-1_P,796766.87,3209550.6875,6,WARA,MW,Producer
BG-1274-1_P,795501.2416666667,3209170.143333333,6,WARA,LW,Producer
BG-1274-1_P,795501.2416666667,3209170.143333333,6,WARA,MW,Producer
BG-1275-1_I,791983.4650000002,3205594.24,13,WARA,LW,Injector
BG-1275-1_I,791983.4650000002,3205594.24,13,WARA,MW,Injector
BG-1276-1_I,791862.855,3208344.765,13,WARA,MW,Injector
BG-1277-2_I,792114.125,3197528.6950000008,5,WARA,LW,Injector
BG-1278-1_I,791395.5077083334,3197008.430625,5,WARA,MW,Injector
BG-1279-1_I,790626.9099999998,3193880.9,5,WARA,LW,Injector
BG-1279-1_I,790626.9099999998,3193880.9,5,WARA,MW,Injector
BG-1280-1_I,792007.24,3207981.77,11,WARA,LW,Injector
BG-1281-1_I,789788.92,3194255.07,5,WARA,LW,Injector
BG-1281-1_I,789788.92,3194255.07,5,WARA,MW,Injector
BG-1282-1_I,789393.49,3193991.26,5,WARA,MW,Injector
BG-1288-1_P,780132.0,3203233.0,3,WARA,LW,Producer
BG-1288-1_P,780132.0,3203233.0,3,WARA,MW,Producer
BG-1289-3_P,779951.52,3203935.57,3,WARA,MW,Producer
BG-1293-1_I,781081.12,3204260.72,3,WARA,LW,Injector
BG-1293-1_I,781081.12,3204260.72,3,WARA,MW,Injector
BG-1294-1_I,795671.8733333334,3203369.3525,6,WARA,LW,Injector
BG-1294-1_I,795675.895,3203378.9491666667,6,WARA,MW,Injector
BG-1295-1_I,796907.23,3206128.81,6,WARA,MW,Injector
BG-1296-2_I,796335.06,3207391.74,6,WARA,LW,Injector
BG-1296-2_I,796335.06,3207391.74,6,WARA,MW,Injector
BG-1297-1_I,782473.0,3215377.0,2,WARA,LW,Injector
BG-1297-1_I,782473.0,3215377.0,2,WARA,MW,Injector
BG-1298-1_I,782599.0,3214750.0,2,WARA,LW,Injector
BG-1298-1_I,782599.0,3214750.0,2,WARA,MW,Injector
BG-1299-1_I,782800.0,3217600.0,2,WARA,MW,Injector
BG-1300-1_I,788961.26,3193380.21,5,WARA,LW,Injector
BG-1300-1_I,788961.26,3193380.21,5,WARA,MW,Injector
BG-1301-1_I,787873.06,3194986.22,5,WARA,LW,Injector
BG-1301-1_I,787873.06,3194986.22,5,WARA,MW,Injector
BG-1302-1_I,788427.6289285714,3195423.01,5,WARA,MW,Injector
BG-1303-1_I,791204.2029166665,3206230.9075,13,WARA,LW,Injector
BG-1303-1_I,791205.8504166666,3206236.584166666,13,WARA,MW,Injector
BG-1309-2_I,793577.18,3206029.19,11,WARA,LW,Injector
BG-1309-2_I,793577.18,3206029.19,11,WARA,MW,Injector
BG-1310-1_I,791022.645,3208734.87,13,WARA,MW,Injector
BG-1311-1_I,783512.42,3205061.59,3,WARA,MW,Injector
BG-1313-1_I,781239.5845902779,3199533.206201389,3,WARA,MW,Injector
BG-1314-2_P,781742.3866666667,3199474.1950000008,3,WARA,MW,Producer
BG-1315-1_P,781833.6900000002,3200482.597142857,3,WARA,LW,Producer
BG-1315-1_P,781833.6900000002,3200482.597142857,3,WARA,MW,Producer
BG-1316-1_P,782301.885,3199928.445,3,WARA,MW,Producer
BG-1317-1_I,782227.2506666669,3199421.8016666668,3,WARA,MW,Injector
BG-1318-1_I,782189.5361111109,3198917.2016666667,3,WARA,LW,Injector
BG-1318-1_I,782191.5427777776,3198929.279166667,3,WARA,MW,Injector
BG-1319ST1-2_P,782073.7549999999,3201135.920833333,3,WARA,LW,Producer
BG-1319ST1-2_P,782073.7549999999,3201135.920833333,3,WARA,MW,Producer
BG-1320-1_P,782712.07,3200724.523333333,3,WARA,LW,Producer
BG-1320-1_P,782712.07,3200724.523333333,3,WARA,MW,Producer
BG-1321-1_I,782773.99,3199994.58,3,WARA,MW,Injector
BG-1322-1_P,783131.2291666665,3199769.043333333,3,WARA,LW,Producer
BG-1322-1_P,783131.2291666665,3199769.043333333,3,WARA,MW,Producer
BG-1323-1_I,782059.1242857142,3207539.320178571,3,WARA,LW,Injector
BG-1323-1_I,782074.111785714,3207537.648303571,3,WARA,MW,Injector
BG-1324-1_P,781877.696875,3207189.564375,3,WARA,LW,Producer
BG-1324-1_P,781877.696875,3207189.564375,3,WARA,MW,Producer
BG-1325-2_P,781636.1357142858,3207894.827142857,3,WARA,LW,Producer
BG-1325-2_P,781636.1357142858,3207894.827142857,3,WARA,MW,Producer
BG-1326-2_P,782425.4181250002,3207172.778125,3,WARA,LW,Producer
BG-1326-2_P,782425.4181250002,3207172.778125,3,WARA,MW,Producer
BG-1327-1_I,782790.678,3207535.2304375004,3,WARA,MW,Injector
BG-1329-1_P,782431.3542857143,3207893.120714285,3,WARA,LW,Producer
BG-1329-1_P,782431.3542857143,3207893.120714285,3,WARA,MW,Producer
BG-1330-1_I,782111.7638095238,3208410.8502678573,3,WARA,MW,Injector
BG-1331-1_P,782454.4477777778,3208608.271666666,3,WARA,LW,Producer
BG-1331-1_P,782454.4477777778,3208608.271666666,3,WARA,MW,Producer
BG-1332-1_I,782782.6096296295,3208272.971805556,3,WARA,MW,Injector
BG-1333-1_I,781167.3499999999,3210017.13,3,WARA,LW,Injector
BG-1333-1_I,781179.2517857144,3210011.978928572,3,WARA,MW,Injector
BG-1334-2_P,781324.458,3209151.348,3,WARA,LW,Producer
BG-1334-2_P,781324.458,3209151.348,3,WARA,MW,Producer
BG-1335-1_I,781887.3833630951,3209806.042440477,3,WARA,MW,Injector
BG-1336-1_I,781877.64375,3209076.446875001,3,WARA,LW,Injector
BG-1336-1_I,781880.08475,3209080.5313750007,3,WARA,MW,Injector
BG-1337-3_P,781733.3040000001,3208584.603,3,WARA,MW,Producer
BG-1338-1_P,782251.86,3210192.49,3,WARA,LW,Producer
BG-1338-1_P,782251.86,3210192.49,3,WARA,MW,Producer
BG-1339-1_P,782253.5889999998,3209443.0310000004,3,WARA,LW,Producer
BG-1339-1_P,782253.5889999998,3209443.0310000004,3,WARA,MW,Producer
BG-1340-1_I,782620.7619166669,3209819.393437501,3,WARA,MW,Injector
BG-1341-1_I,782616.9415,3209076.0185,3,WARA,MW,Injector
BG-1342-1_P,782965.0458333334,3209444.7900000005,3,WARA,LW,Producer
BG-1342-1_P,782965.0458333334,3209444.7900000005,3,WARA,MW,Producer
BG-1343-1_I,783120.4700000002,3202872.270833333,3,WARA,LW,Injector
BG-1343-1_I,783121.3775000002,3202872.1220833333,3,WARA,MW,Injector
BG-1344-1_I,783368.4662499998,3202102.4241666663,3,WARA,LW,Injector
BG-1344-1_I,783369.1712499999,3202115.5266666664,3,WARA,MW,Injector
BG-1345-1_I,783312.870625,3203698.473125,3,WARA,LW,Injector
BG-1345-1_I,783312.870625,3203698.473125,3,WARA,MW,Injector
BG-1348-2_P,783491.075,3203245.765,3,WARA,MW,Producer
BG-1349-1_I,784308.6093055555,3201875.470138889,3,WARA,MW,Injector
BG-1350-1_I,784148.7317857142,3203603.269166667,3,WARA,LW,Injector
BG-1350-1_I,784136.8067857141,3203590.32125,3,WARA,MW,Injector
BG-1351-1_P,784146.4791666665,3203144.124166667,3,WARA,LW,Producer
BG-1351-1_P,784146.4791666665,3203144.124166667,3,WARA,MW,Producer
BG-1353-1_I,795038.8670000002,3200855.769875,6,WARA,MW,Injector
BG-1354-1_I,794316.0575,3200062.147,6,WARA,LW,Injector
BG-1354-1_I,794309.3050000002,3200073.697,6,WARA,MW,Injector
BG-1355-1_P,794153.39375,3200589.135,6,WARA,MW,Producer
BG-1356-2_P,793918.5683333335,3201059.5738888886,6,WARA,LW,Producer
BG-1356-2_P,793918.5683333335,3201059.5738888886,6,WARA,MW,Producer
BG-1358-1_I,793704.3375000001,3200371.05875,6,WARA,LW,Injector
BG-1358-1_I,793705.65575,3200375.22175,6,WARA,MW,Injector
BG-1359-1_P,793060.5875,3200539.895625,6,WARA,LW,Producer
BG-1359-1_P,793060.5875,3200539.895625,6,WARA,MW,Producer
BG-1360-1_I,793457.9908333332,3200803.1975,6,WARA,LW,Injector
BG-1360-1_I,793461.0242424244,3200803.2604545457,6,WARA,MW,Injector
BG-1361-2_P,793307.35375,3201088.95375,6,WARA,LW,Producer
BG-1361-2_P,793307.35375,3201088.95375,6,WARA,MW,Producer
BG-1362-1_P,793639.1029999999,3201758.717,6,WARA,LW,Producer
BG-1362-1_P,793639.1029999999,3201758.717,6,WARA,MW,Producer
BG-1386-5_P,792561.61,3199286.175,6,WARA,MW,Producer
BG-1395-3_P,789216.1049999999,3193357.81,5,WARA,MW,Producer
BG-1402-3_P,793587.8875000002,3202729.0275,6,WARA,LW,Producer
BG-1402-3_P,793587.8875000002,3202729.0275,6,WARA,MW,Producer
BG-1413-4_P,792688.3375,3197971.21875,5,WARA,MW,Producer
BG-1415-4_P,791997.12,3196072.9,5,WARA,MW,Producer
BG-1416-3_P,787377.665,3195359.42,5,WARA,LW,Producer
BG-1416-3_P,787377.665,3195359.42,5,WARA,MW,Producer
BG-1417-3_P,791118.64,3194094.02,5,WARA,LW,Producer
BG-1417-3_P,791118.64,3194094.02,5,WARA,MW,Producer
BG-1418-2_P,793602.4400000002,3203130.21,6,WARA,MW,Producer
BG-1419-3_P,787229.125,3195942.8775000004,5,WARA,LW,Producer
BG-1419-3_P,787229.125,3195942.8775000004,5,WARA,MW,Producer
BG-1420-4_P,791204.6166666667,3194585.356666667,5,WARA,MW,Producer
BG-1421-1_P,794141.325,3205458.615,11,WARA,MW,Producer
BG-1422-1_I,794151.0479166666,3202373.193333333,6,WARA,LW,Injector
BG-1422-1_I,794150.2695833334,3202375.6133333333,6,WARA,MW,Injector
BG-1423-1_I,794630.85,3201943.905,6,WARA,LW,Injector
BG-1423-1_I,794630.85,3201943.905,6,WARA,MW,Injector
BG-1424-2_I,794351.28,3201302.38,6,WARA,MW,Injector
BG-1425-1_I,786254.2716666667,3205956.523333333,13,WARA,LW,Injector
BG-1425-1_I,786248.1591666667,3205960.6758333333,13,WARA,MW,Injector
BG-1426-1_I,786355.7216666667,3206473.8725000005,13,WARA,LW,Injector
BG-1427-1_I,783212.9,3212504.36,3,WARA,LW,Injector
BG-1427-1_I,783212.9,3212504.36,3,WARA,MW,Injector
BG-1428-2_I,793466.31,3201380.42,6,WARA,LW,Injector
BG-1428-2_I,793466.31,3201380.42,6,WARA,MW,Injector
BG-1429-1_I,794596.2050000002,3205038.91,6,WARA,LW,Injector
BG-1429-1_I,794596.2050000002,3205038.91,6,WARA,MW,Injector
BG-1430-1_I,786517.5631250001,3194816.598392857,4,WARA,LW,Injector
BG-1430-1_I,786517.4756250002,3194816.56625,4,WARA,MW,Injector
BG-1431-1_I,787490.075625,3195605.294,5,WARA,LW,Injector
BG-1431-1_I,787497.0714583334,3195610.033333333,5,WARA,MW,Injector
BG-1432-1_I,792547.26,3203095.6,6,WARA,LW,Injector
BG-1432-1_I,792547.26,3203095.6,6,WARA,MW,Injector
BG-1433-1_I,783693.2242857142,3217034.1633928567,2,WARA,MW,Injector
BG-1437-1_P,797860.1379999998,3217598.034,7,WARA,MW,Producer
BG-1438-1_P,797347.27,3217215.3575,7,WARA,MW,Producer
BG-1439-1_P,797431.0991666665,3217709.310833333,7,WARA,LW,Producer
BG-1439-1_P,797431.0991666665,3217709.310833333,7,WARA,MW,Producer
BG-1441-2_P,789063.4450000002,3194356.35,5,WARA,LW,Producer
BG-1441-2_P,789063.4450000002,3194356.35,5,WARA,MW,Producer
BG-1442-1_P,790313.4383333335,3193540.8633333333,5,WARA,LW,Producer
BG-1442-1_P,790313.4383333335,3193540.8633333333,5,WARA,MW,Producer
BG-1443-1_P,789990.459,3193978.705,5,WARA,LW,Producer
BG-1443-1_P,789990.459,3193978.705,5,WARA,MW,Producer
BG-1447-1_P,781169.74,3210690.78,2,WARA,LW,Producer
BG-1447-1_P,781169.74,3210690.78,2,WARA,MW,Producer
BG-1448-1_I,782547.3759999998,3210402.7395,3,WARA,LW,Injector
BG-1448-1_I,782550.122030303,3210407.343151516,3,WARA,MW,Injector
BG-1449-1_I,783305.685,3211222.92,3,WARA,LW,Injector
BG-1449-1_I,783305.685,3211222.92,3,WARA,MW,Injector
BG-1459-3_P,791578.113,3198642.6619999995,5,WARA,LW,Producer
BG-1459-3_P,791578.113,3198642.6619999995,5,WARA,MW,Producer
BG-1462-1_I,782963.7537499998,3211880.806250001,3,WARA,MW,Injector
BG-1463-1_I,782771.0880357143,3211259.97,3,WARA,LW,Injector
BG-1463-1_I,782766.9480357143,3211261.765,3,WARA,MW,Injector
BG-1464-1_P,782991.224,3210771.0000000005,3,WARA,LW,Producer
BG-1464-1_P,782991.224,3210771.0000000005,3,WARA,MW,Producer
BG-1465-1_P,782536.51,3211660.614,3,WARA,LW,Producer
BG-1465-1_P,782536.51,3211660.614,3,WARA,MW,Producer
BG-1466-1_I,782166.5864999997,3212023.3311666665,3,WARA,MW,Injector
BG-1467-1_I,781676.9981249998,3210779.67,3,WARA,MW,Injector
BG-1468-1_I,781918.41625,3211300.30125,3,WARA,MW,Injector
BG-1479-1_I,783894.0307142857,3210539.4607142857,3,WARA,LW,Injector
BG-1479-1_I,783894.0307142857,3210539.4607142857,3,WARA,MW,Injector
BG-1480-1_P,784255.21375,3210253.026875,3,WARA,LW,Producer
BG-1480-1_P,784255.21375,3210253.026875,3,WARA,MW,Producer
BG-1481-1_I,784060.3991666666,3209876.77,3,WARA,LW,Injector
BG-1481-1_I,784060.3991666666,3209876.77,3,WARA,MW,Injector
BG-1482-2_P,783695.7149999999,3210124.204166666,3,WARA,LW,Producer
BG-1482-2_P,783695.7149999999,3210124.204166666,3,WARA,MW,Producer
BG-1483ST1-1_I,783412.855,3209928.1750000007,3,WARA,LW,Injector
BG-1483ST1-1_I,783412.855,3209928.1750000007,3,WARA,MW,Injector
BG-1484-1_I,783307.0545833331,3210520.5039583333,3,WARA,MW,Injector
BG-1486-1_I,797222.5556818182,3208646.92469697,6,WARA,MW,Injector
BG-1487ST1-1_I,796522.9950000001,3208199.83,6,WARA,MW,Injector
BG-1488-1_P,796245.4280000002,3208619.911000001,6,WARA,MW,Producer
BG-1489-1_I,784232.4708035715,3213497.052232144,2,WARA,LW,Injector
BG-1489-1_I,784220.2218452381,3213498.685773809,2,WARA,MW,Injector
BG-1490-1_P,783664.0737500002,3212983.18,2,WARA,LW,Producer
BG-1490-1_P,783664.0737500002,3212983.18,2,WARA,MW,Producer
BG-1491-1_I,783316.9219166666,3213326.12075,2,WARA,LW,Injector
BG-1491-1_I,783313.1672916666,3213329.8771875,2,WARA,MW,Injector
BG-1492-1_P,783670.6528571428,3214406.2478571427,2,WARA,LW,Producer
BG-1492-1_P,783670.6528571428,3214406.2478571427,2,WARA,MW,Producer
BG-1493-1_I,783313.2166666669,3214051.9,2,WARA,MW,Injector
BG-1494-1_P,782953.8042857144,3214413.932857143,2,WARA,LW,Producer
BG-1494-1_P,782953.8042857144,3214413.932857143,2,WARA,MW,Producer
BG-1495-1_P,782952.3300000002,3213691.52,2,WARA,LW,Producer
BG-1495-1_P,782952.3300000002,3213691.52,2,WARA,MW,Producer
BG-1496-1_I,782737.5794285715,3213061.453571428,2,WARA,MW,Injector
BG-1497-1_I,782594.8525,3214050.267678572,2,WARA,MW,Injector
BG-1498ST1-1_P,782202.0962500002,3212969.1525,2,WARA,LW,Producer
BG-1498ST1-1_P,782202.0962500002,3212969.1525,2,WARA,MW,Producer
BG-1499-1_P,783855.2392857142,3215901.811428572,2,WARA,LW,Producer
BG-1499-1_P,783855.2392857142,3215901.811428572,2,WARA,MW,Producer
BG-1500-1_P,783753.4225,3215493.6725000013,2,WARA,LW,Producer
BG-1500-1_P,783753.4225,3215493.6725000013,2,WARA,MW,Producer
BG-1501-1_I,783605.8398958333,3216312.2790625,2,WARA,MW,Injector
BG-1502-1_P,783669.1083333334,3215094.518333333,2,WARA,LW,Producer
BG-1502-1_P,783669.1083333334,3215094.518333333,2,WARA,MW,Producer
BG-1503-1_I,783337.9985714286,3215951.39,2,WARA,MW,Injector
BG-1504-1_I,783298.2931666665,3215400.698166666,2,WARA,MW,Injector
BG-1505-2_P,783110.8491666665,3216382.773333333,2,WARA,LW,Producer
BG-1505-2_P,783110.8491666665,3216382.773333333,2,WARA,MW,Producer
BG-1506-1_I,783306.1140476189,3214733.671666667,2,WARA,LW,Injector
BG-1506-1_I,783305.0868051947,3214744.635348485,2,WARA,MW,Injector
BG-1507ST1-1_I,782777.8688888889,3216378.755833333,2,WARA,MW,Injector
BG-1508-1_P,782855.9325000001,3215979.4725,2,WARA,LW,Producer
BG-1508-1_P,782855.9325000001,3215979.4725,2,WARA,MW,Producer
BG-1509-1_I,798229.4433333335,3211676.561666667,6,WARA,MW,Injector
BG-1513ST1-1_I,798211.8883333334,3211027.6558333337,6,WARA,MW,Injector
BG-1514-1_I,797679.8374999998,3211882.22,6,WARA,MW,Injector
BG-1516-1_P,797402.4550000002,3212319.9092857144,6,WARA,MW,Producer
BG-1517-1_I,797229.15,3211614.7350000013,6,WARA,MW,Injector
BG-1518-1_P,796958.757,3212052.251,6,WARA,MW,Producer
BG-1520-2_P,783834.24,3216791.565,2,WARA,LW,Producer
BG-1520-2_P,783834.24,3216791.565,2,WARA,MW,Producer
BG-1521-1_I,783715.81,3217676.68,2,WARA,LW,Injector
BG-1521-1_I,783715.81,3217676.68,2,WARA,MW,Injector
BG-1556-2_P,784412.88,3216608.012142857,12,WARA,LW,Producer
BG-1556-2_P,784412.88,3216608.012142857,12,WARA,MW,Producer
BG-1575-3_P,791696.4269999998,3197812.0560000013,5,WARA,LW,Producer
BG-1575-3_P,791696.4269999998,3197812.0560000013,5,WARA,MW,Producer
BG-1579-1_P,782541.9958333332,3210807.893333333,3,WARA,MW,Producer
BG-1581-1_I,781946.2799999998,3212774.03,2,WARA,LW,Injector
BG-1581-1_I,781946.2799999998,3212774.03,2,WARA,MW,Injector
BG-1582-1_I,783718.23,3212615.23,3,WARA,MW,Injector
BG-1584-1_P,796517.3025,3211416.675,6,WARA,MW,Producer
BG-1585-1_P,797326.5475,3210503.5612500007,6,WARA,MW,Producer
BG-1586-1_I,784483.8876428572,3199113.234928572,3,WARA,LW,Injector
BG-1586-1_I,784490.47925,3199122.09475,3,WARA,MW,Injector
BG-1587-1_I,783528.4500000002,3199017.4825,3,WARA,LW,Injector
BG-1587-1_I,783528.4500000002,3199017.4825,3,WARA,MW,Injector
BG-1588-1_I,785760.0191666667,3198386.0133333337,4,WARA,LW,Injector
BG-1588-1_I,785760.0191666667,3198386.0133333337,4,WARA,MW,Injector
BG-1602-2_P,790586.095,3217750.0075000008,10,WARA,LW,Producer
BG-1617-3_P,786269.0961111112,3212507.365,12,WARA,MW,Producer
BG-1631-1_P,783761.8166666669,3213418.28,3,WARA,LW,Producer
BG-1631-1_P,783761.8166666669,3213418.28,3,WARA,MW,Producer
BG-1632-2_P,797441.6950000002,3213195.505,6,WARA,MW,Producer
BG-1633-1_P,785296.7420000002,3217334.692,11,WARA,LW,Producer
BG-1633-1_P,785296.7420000002,3217334.692,11,WARA,MW,Producer
BG-1634-1_I,782808.7122500001,3212432.7725,3,WARA,MW,Injector
BG-1635-1_I,796367.0776666666,3209197.186333333,6,WARA,MW,Injector
BG-1636ST1-1_I,797127.0875,3210990.65,6,WARA,MW,Injector
BG-1637-1_I,781308.455625,3208398.5925000007,3,WARA,LW,Injector
BG-1637-1_I,781304.4835416665,3208392.681666666,3,WARA,MW,Injector
BG-1638-1_I,779768.1607291667,3205298.085416666,3,WARA,LW,Injector
BG-1639-1_I,796886.05,3213513.8860000004,6,WARA,MW,Injector
BG-1640-2_P,782266.6190000002,3206768.16,3,WARA,LW,Producer
BG-1640-2_P,782266.6190000002,3206768.16,3,WARA,MW,Producer
BG-1641-1_I,781463.9483333331,3206786.98375,3,WARA,LW,Injector
BG-1641-1_I,781455.8725,3206786.20125,3,WARA,MW,Injector
BG-1642-1_I,781632.5450000002,3207492.181428571,3,WARA,LW,Injector
BG-1642-1_I,781620.4693750001,3207481.017678572,3,WARA,MW,Injector
BG-1645-1_I,780746.33,3206784.16,3,WARA,LW,Injector
BG-1645-1_I,780746.33,3206784.16,3,WARA,MW,Injector
BG-1646-1_I,783650.4561666667,3204339.3153333333,3,WARA,LW,Injector
BG-1646-1_I,783637.1803333333,3204340.053666666,3,WARA,MW,Injector
BG-1647-1_P,783864.425,3204864.267,3,WARA,LW,Producer
BG-1647-1_P,783864.425,3204864.267,3,WARA,MW,Producer
BG-1648-1_P,784351.165,3204086.38,3,WARA,LW,Producer
BG-1648-1_P,784351.165,3204086.38,3,WARA,MW,Producer
BG-1649-1_P,782437.18,3204720.41,3,WARA,LW,Producer
BG-1649-1_P,782437.18,3204720.41,3,WARA,MW,Producer
BG-1650-1_P,783369.8891666669,3203996.855833333,3,WARA,LW,Producer
BG-1650-1_P,783369.8891666669,3203996.855833333,3,WARA,MW,Producer
BG-1653-1_P,782621.2116666666,3204343.135,3,WARA,LW,Producer
BG-1653-1_P,782621.2116666666,3204343.135,3,WARA,MW,Producer
BG-1654-1_P,797340.6641666667,3208951.2391666668,6,WARA,LW,Producer
BG-1654-1_P,797340.6641666667,3208951.2391666668,6,WARA,MW,Producer
BG-1655-1_I,781343.8429999999,3202264.9815000007,3,WARA,LW,Injector
BG-1656-1_P,780916.051,3202033.123,3,WARA,LW,Producer
BG-1656-1_P,780916.051,3202033.123,3,WARA,MW,Producer
BG-1658-1_P,780539.2133333333,3203174.5766666667,3,WARA,LW,Producer
BG-1658-1_P,780539.2133333333,3203174.5766666667,3,WARA,MW,Producer
BG-1659-1_I,780515.8239285715,3202217.1602678574,3,WARA,MW,Injector
BG-1660-1_P,780613.4912500002,3204102.783125,3,WARA,LW,Producer
BG-1660-1_P,780613.4912500002,3204102.783125,3,WARA,MW,Producer
BG-1661-1_I,780428.580625,3203668.953750001,3,WARA,LW,Injector
BG-1661-1_I,780429.046875,3203664.104166666,3,WARA,MW,Injector
BG-1662-1_P,780088.5783333333,3202458.1125000007,3,WARA,LW,Producer
BG-1662-1_P,780088.5783333333,3202458.1125000007,3,WARA,MW,Producer
BG-1663-2_P,779585.335,3202200.97375,3,WARA,LW,Producer
BG-1663-2_P,779585.335,3202200.97375,3,WARA,MW,Producer
BG-1664-1_I,780242.067857143,3202885.3585714293,3,WARA,LW,Injector
BG-1664-1_I,780244.4092857144,3202886.682142857,3,WARA,MW,Injector
BG-1665-1_P,783215.25,3217312.34,2,WARA,LW,Producer
BG-1665-1_P,783215.25,3217312.34,2,WARA,MW,Producer
BG-1666-1_I,782973.5895,3216899.8325000005,2,WARA,LW,Injector
BG-1666-1_I,782974.9474166667,3216903.7570833336,2,WARA,MW,Injector
BG-1667-1_P,783947.354,3225167.292,2,WARA,MW,Producer
BG-1668-1_P,783948.9133333334,3224661.0483333333,2,WARA,MW,Producer
BG-1669-1_P,783143.5733333331,3225908.766666667,2,WARA,MW,Producer
BG-1670-1_P,783146.1275000002,3225247.16375,2,WARA,MW,Producer
BG-1671-1_P,784760.41,3211872.49,3,WARA,LW,Producer
BG-1671-1_P,784760.41,3211872.49,3,WARA,MW,Producer
BG-1672-1_I,784676.8214285714,3212701.554166666,3,WARA,LW,Injector
BG-1672-1_I,784676.1051785714,3212699.0383928567,3,WARA,MW,Injector
BG-1673-1_I,784563.963125,3211397.3471875,3,WARA,LW,Injector
BG-1673-1_I,784563.450625,3211404.6013541664,3,WARA,MW,Injector
BG-1674-1_P,784509.365,3213177.08,3,WARA,LW,Producer
BG-1674-1_P,784509.365,3213177.08,3,WARA,MW,Producer
BG-1675-1_P,783844.9659999999,3211581.595,3,WARA,LW,Producer
BG-1675-1_P,783844.9659999999,3211581.595,3,WARA,MW,Producer
BG-1676-1_I,784266.8256666667,3211988.0491666663,3,WARA,MW,Injector
BG-1677-1_P,784117.2840000001,3212476.727,3,WARA,LW,Producer
BG-1677-1_P,784117.2840000001,3212476.727,3,WARA,MW,Producer
BG-1678-1_I,783408.6752500002,3211818.9257500004,3,WARA,LW,Injector
BG-1678-1_I,783422.3994999998,3211823.620000001,3,WARA,MW,Injector
BG-1679-1_P,783632.594375,3218198.413125,2,WARA,LW,Producer
BG-1679-1_P,783632.594375,3218198.413125,2,WARA,MW,Producer
BG-1680-1_P,784544.3264285716,3218101.240714285,12,WARA,LW,Producer
BG-1680-1_P,784544.3264285716,3218101.240714285,12,WARA,MW,Producer
BG-1681-1_I,784799.324,3218531.249,12,WARA,LW,Injector
BG-1681-1_I,784799.324,3218531.249,12,WARA,MW,Injector
BG-1682-1_I,784861.8129166667,3217523.920833333,2,WARA,MW,Injector
BG-1683-2_I,784335.309,3218715.118,2,WARA,LW,Injector
BG-1683-2_I,784335.309,3218715.118,2,WARA,MW,Injector
BG-1691-2_I,783348.4800000002,3198590.162142857,4,WARA,LW,Injector
BG-1691-2_I,783348.4800000002,3198590.162142857,4,WARA,MW,Injector
BG-1692-1_I,785015.4015918805,3198166.5494604707,4,WARA,LW,Injector
BG-1692-1_I,785020.8729166669,3198147.990625,4,WARA,MW,Injector
BG-1693-1_I,793138.657,3199238.866000001,5,WARA,MW,Injector
BG-1694-1_P,781547.1533333333,3201369.3666666667,3,WARA,LW,Producer
BG-1694-1_P,781547.1533333333,3201369.3666666667,3,WARA,MW,Producer
BG-1695-1_I,781613.6215000001,3200853.7455,3,WARA,LW,Injector
BG-1695-1_I,781610.9800000002,3200858.2265,3,WARA,MW,Injector
BG-1696-1_I,781892.2787499998,3201747.1159999995,3,WARA,LW,Injector
BG-1696-1_I,781887.9421875,3201742.80475,3,WARA,MW,Injector
BG-1697-1_I,781046.7500000001,3201549.748125001,3,WARA,LW,Injector
BG-1697-1_I,781049.9683333333,3201546.6431250004,3,WARA,MW,Injector
BG-1698-1_I,781157.63375,3200493.1325000008,3,WARA,LW,Injector
BG-1698-1_I,781159.9441666666,3200501.224166666,3,WARA,MW,Injector
BG-1699-1_P,780568.91875,3201752.20875,3,WARA,LW,Producer
BG-1699-1_P,780568.91875,3201752.20875,3,WARA,MW,Producer
BG-1700-1_I,780679.1258333335,3200170.564583333,3,WARA,LW,Injector
BG-1701-1_P,780130.6070000002,3201389.252,3,WARA,LW,Producer
BG-1701-1_P,780130.6070000002,3201389.252,3,WARA,MW,Producer
BG-1702-1_I,780131.968,3200835.4105,3,WARA,LW,Injector
BG-1702-1_I,780147.8517499998,3200840.418,3,WARA,MW,Injector
BG-1703-1_I,780666.4541428572,3201192.49,3,WARA,LW,Injector
BG-1703-1_I,780673.9928928572,3201193.1900000004,3,WARA,MW,Injector
BG-1704-1_I,783362.9795833335,3201242.569166667,3,WARA,MW,Injector
BG-1706-1_P,782922.89375,3201514.1637500008,3,WARA,LW,Producer
BG-1706-1_P,782922.89375,3201514.1637500008,3,WARA,MW,Producer
BG-1707-1_P,783202.5191666667,3200803.418333333,3,WARA,LW,Producer
BG-1707-1_P,783202.5191666667,3200803.418333333,3,WARA,MW,Producer
BG-1709-1_I,782440.9983333333,3201653.4575000005,3,WARA,LW,Injector
BG-1709-1_I,782441.1570833331,3201651.0650000004,3,WARA,MW,Injector
BG-1712-1_P,782267.724,3202119.949,3,WARA,LW,Producer
BG-1712-1_P,782267.724,3202119.949,3,WARA,MW,Producer
BG-1713-1_I,782230.9275000001,3200507.533333333,3,WARA,LW,Injector
BG-1713-1_I,782233.6470000001,3200518.3675,3,WARA,MW,Injector
BG-1716-1_I,784097.8930000002,3200502.299,3,WARA,LW,Injector
BG-1716-1_I,784098.1317500002,3200504.619,3,WARA,MW,Injector
BG-1717-1_I,783973.3741666665,3201150.921333333,3,WARA,LW,Injector
BG-1717-1_I,783974.6871875002,3201146.067375,3,WARA,MW,Injector
BG-1718-1_P,783737.6000000002,3200272.4050000007,3,WARA,MW,Producer
BG-1719ST1-1_P,783719.9535714284,3201519.7571428567,3,WARA,LW,Producer
BG-1719ST1-1_P,783719.9535714284,3201519.7571428567,3,WARA,MW,Producer
BG-1720-1_I,783331.97125,3200038.776875,3,WARA,MW,Injector
BG-1721-2_P,783702.8570000002,3200802.66,3,WARA,LW,Producer
BG-1721-2_P,783702.8570000002,3200802.66,3,WARA,MW,Producer
BG-1723-1_I,784518.96875,3197343.87125,4,WARA,LW,Injector
BG-1723-1_I,784514.5305357142,3197343.012083333,4,WARA,MW,Injector
BG-1724-1_I,782055.52,3213522.87,2,WARA,LW,Injector
BG-1724-1_I,782055.52,3213522.87,2,WARA,MW,Injector
BG-1727-1_P,781233.3992857144,3201842.9542857143,3,WARA,LW,Producer
BG-1727-1_P,781233.3992857144,3201842.9542857143,3,WARA,MW,Producer
BG-1728-1_P,785515.3,3198378.7950000013,4,WARA,LW,Producer
BG-1728-1_P,785515.3,3198378.7950000013,4,WARA,MW,Producer
BG-1729-1_I,793858.8975568181,3199368.2660000008,6,WARA,MW,Injector
BG-1731-1_P,783992.801,3226008.204,2,WARA,LW,Producer
BG-1731-1_P,783992.801,3226008.204,2,WARA,MW,Producer
BG-1751-1_P,790469.8424999998,3211638.2975,11,WARA,MW,Producer
BG-1766-2_P,784678.8975,3198452.48,4,WARA,LW,Producer
BG-1768-1_I,784208.3165625002,3198408.67375,4,WARA,LW,Injector
BG-1768-1_I,784196.1403125002,3198418.102321428,4,WARA,MW,Injector
BG-1769-1_I,789306.4542857142,3195219.815,5,WARA,LW,Injector
BG-1769-1_I,789306.4542857142,3195219.815,5,WARA,MW,Injector
BG-1772-1_I,785575.4635000002,3209967.899,12,WARA,MW,Injector
BG-1773-1_I,784511.2054999998,3209941.990500001,12,WARA,LW,Injector
BG-1773-1_I,784520.3563333331,3209949.6455,12,WARA,MW,Injector
BG-1774-2_P,784842.0066666666,3211007.036666666,12,WARA,LW,Producer
BG-1774-2_P,784842.0066666666,3211007.036666666,12,WARA,MW,Producer
BG-1775-1_I,785129.0295833333,3210568.311458334,12,WARA,LW,Injector
BG-1776-1_I,785079.4675,3213854.2695833333,12,WARA,LW,Injector
BG-1776-1_I,785072.8406666665,3213861.57325,12,WARA,MW,Injector
BG-1780-1_I,784138.1085,3215179.513416666,12,WARA,MW,Injector
BG-1781-1_I,784175.8955000001,3214092.9430000014,12,WARA,MW,Injector
BG-1782-2_P,795871.2324999998,3209367.43,10,WARA,MW,Producer
BG-1783-1_I,795382.4299999998,3209570.874791668,10,WARA,MW,Injector
BG-1784ST1-1_I,795796.9209999999,3208811.7895,10,WARA,MW,Injector
BG-1786-1_I,796308.9897916665,3210233.5810416667,10,WARA,MW,Injector
BG-1787-1_I,795917.4347619045,3210444.17077381,10,WARA,MW,Injector
BG-1788-2_P,795315.0299999998,3210138.9450000008,10,WARA,MW,Producer
BG-1789-1_P,794803.5129999998,3209790.169,10,WARA,LW,Producer
BG-1789-1_P,794803.5129999998,3209790.169,10,WARA,MW,Producer
BG-1790ST1-2_P,780878.4199999998,3212046.49,2,WARA,LW,Producer
BG-1790ST1-2_P,780878.4199999998,3212046.49,2,WARA,MW,Producer
BG-1791ST1-1_I,796336.9258333333,3212103.5804166663,10,WARA,MW,Injector
BG-1792-2_I,795849.38,3211266.0,10,WARA,MW,Injector
BG-1793-1_I,795685.627,3212669.501,10,WARA,MW,Injector
BG-1794-1_I,795426.4225,3211004.67,10,WARA,MW,Injector
BG-1796-4_P,784578.1233333334,3198818.1950000008,4,WARA,MW,Producer
BG-1798-1_P,796730.54,3212427.87,6,WARA,MW,Producer
BG-1799-1_I,796614.0719999998,3212946.482,6,WARA,MW,Injector
BG-1801-1_I,796197.2298333333,3213247.420833333,6,WARA,MW,Injector
BG-1805-2_P,796709.7250000002,3207060.365,6,WARA,MW,Producer
BG-1806-3_P,795762.03125,3210851.1775,6,WARA,MW,Producer
BG-1807-2_P,790849.6125,3194993.2125000013,5,WARA,MW,Producer
BG-1808-1_I,790730.05225,3194524.1580454544,5,WARA,MW,Injector
BG-1811-1_I,790233.078,3196002.029,5,WARA,LW,Injector
BG-1811-1_I,790236.5211250002,3195995.987750001,5,WARA,MW,Injector
BG-1812-1_I,790443.79,3195144.4000000013,5,WARA,MW,Injector
BG-1814-1_I,789949.1768636366,3194871.419545454,5,WARA,MW,Injector
BG-1815-1_I,791282.3392857143,3197623.646428571,5,WARA,LW,Injector
BG-1815-1_I,791282.3392857143,3197623.646428571,5,WARA,MW,Injector
BG-1816-1_I,790721.935,3197685.1381250005,5,WARA,LW,Injector
BG-1816-1_I,790724.5408333333,3197692.6475,5,WARA,MW,Injector
BG-1817-2_P,790838.01,3198101.91,5,WARA,LW,Producer
BG-1818-1_I,790397.3275,3198225.396666666,5,WARA,LW,Injector
BG-1818-1_I,790397.3275,3198225.396666666,5,WARA,MW,Injector
BG-1825ST1-1_I,783380.523125,3209408.5025,3,WARA,LW,Injector
BG-1825ST1-1_I,783380.523125,3209408.5025,3,WARA,MW,Injector
BG-1828-1_P,783732.795,3200598.695,3,WARA,LW,Producer
BG-1833-2_P,780901.6191666669,3199793.5925,3,WARA,LW,Producer
BG-1833-2_P,780901.6191666669,3199793.5925,3,WARA,MW,Producer
BG-1834-2_P,779992.1033333334,3199834.189166667,3,WARA,LW,Producer
BG-1834-2_P,779992.1033333334,3199834.189166667,3,WARA,MW,Producer
BG-1845HST2-1_P,783945.6575,3200338.69875,3,WARA,LW,Producer
BG-1845HST2-1_P,783945.6575,3200338.69875,3,WARA,MW,Producer
BG-1847-2_P,781273.1737500002,3207875.83875,3,WARA,MW,Producer
BG-1855-1_P,794451.5449999998,3201584.35,6,WARA,LW,Producer
BG-1855-1_P,794451.5449999998,3201584.35,6,WARA,MW,Producer
BG-1862-1_I,781053.973,3211016.611,3,WARA,LW,Injector
BG-1862-1_I,781053.973,3211016.611,3,WARA,MW,Injector
BG-1863-1_P,781005.5283333333,3209494.1916666664,3,WARA,LW,Producer
BG-1863-1_P,781005.5283333333,3209494.1916666664,3,WARA,MW,Producer
BG-1864-1_I,780340.0885000002,3209468.8155,3,WARA,LW,Injector
BG-1864-1_I,780345.0099375,3209474.962625,3,WARA,MW,Injector
BG-1865-1_I,780215.7208333334,3210087.7825,3,WARA,LW,Injector
BG-1865-1_I,780223.7160119049,3210087.2719642865,3,WARA,MW,Injector
BG-1866-1_I,782714.3841666668,3210963.1116666677,3,WARA,LW,Injector
BG-1866-1_I,782706.1938095237,3210962.665595238,3,WARA,MW,Injector
BG-1867-1_I,781948.7331249998,3210297.87875,3,WARA,LW,Injector
BG-1867-1_I,781945.714375,3210308.18,3,WARA,MW,Injector
BG-1868-1_P,782117.515,3214676.965,2,WARA,MW,Producer
BG-1869-1_I,781804.0237499998,3215134.945,2,WARA,MW,Injector
BG-1870-1_P,781476.5,3213563.83,2,WARA,LW,Producer
BG-1870-1_P,781476.5,3213563.83,2,WARA,MW,Producer
BG-1871-1_P,796021.5375000002,3208093.83375,6,WARA,MW,Producer
BG-1872-1_P,795386.644375,3207872.63375,6,WARA,MW,Producer
BG-1873-1_P,795370.3566666667,3208540.4444444445,6,WARA,LW,Producer
BG-1873-1_P,795370.3566666667,3208540.4444444445,6,WARA,MW,Producer
BG-1874-1_P,781009.259375,3203952.04125,3,WARA,LW,Producer
BG-1874-1_P,781009.259375,3203952.04125,3,WARA,MW,Producer
BG-1875-1_P,779266.95,3205488.305,3,WARA,LW,Producer
BG-1876-1_I,778907.3050000002,3204675.9760000003,3,WARA,LW,Injector
BG-1876-1_I,778919.9800000002,3204676.03975,3,WARA,MW,Injector
BG-1878-2_I,783261.0833333335,3208760.996666666,3,WARA,LW,Injector
BG-1878-2_I,783261.0833333335,3208760.996666666,3,WARA,MW,Injector
BG-1880-1_P,798237.435,3207048.385,6,WARA,MW,Producer
BG-1881-1_I,797942.205625,3205321.030625,6,WARA,MW,Injector
BG-1882-1_I,797188.7075,3205134.9260416664,6,WARA,MW,Injector
BG-1883-1_P,796968.7535714285,3205801.5257142857,6,WARA,MW,Producer
BG-1884-1_I,796850.1909166665,3205400.712666666,6,WARA,MW,Injector
BG-1885-1_I,795717.064,3207572.694,6,WARA,MW,Injector
BG-1886-1_I,795541.86,3205880.365,6,WARA,LW,Injector
BG-1886-1_I,795541.86,3205880.365,6,WARA,MW,Injector
BG-1887-1_I,795346.4650000002,3206971.5760000013,6,WARA,LW,Injector
BG-1887-1_I,795346.4650000002,3206971.5760000013,6,WARA,MW,Injector
BG-1888-1_P,795328.0675,3206255.635,6,WARA,LW,Producer
BG-1888-1_P,795328.0675,3206255.635,6,WARA,MW,Producer
BG-1890-2_P,795082.6335714286,3205813.012142857,10,WARA,LW,Producer
BG-1890-2_P,795082.6335714286,3205813.012142857,10,WARA,MW,Producer
BG-1891-1_P,794948.9808333333,3206716.174166667,10,WARA,LW,Producer
BG-1891-1_P,794948.9808333333,3206716.174166667,10,WARA,MW,Producer
BG-1892-1_I,794915.12625,3206208.616875,10,WARA,LW,Injector
BG-1892-1_I,794915.12625,3206208.616875,10,WARA,MW,Injector
BG-1893-1_I,796316.348125,3209728.9275,6,WARA,MW,Injector
BG-1894ST1-1_I,796437.5644230769,3211105.140692308,6,WARA,MW,Injector
BG-1895-1_P,795875.6925,3210032.486666667,6,WARA,MW,Producer
BG-1896-1_I,798709.7772222222,3210026.707777778,6,WARA,LW,Injector
BG-1896-1_I,798707.6907142856,3210024.8611309533,6,WARA,MW,Injector
BG-1897-1_I,798696.3022916669,3209444.8633333333,6,WARA,MW,Injector
BG-1898-1_I,798669.6853125001,3208607.0784375,6,WARA,MW,Injector
BG-1899-1_P,798389.005,3209774.97,6,WARA,MW,Producer
BG-1902-1_I,797032.4222916666,3204623.960833333,6,WARA,MW,Injector
BG-1903-1_I,796946.835,3203810.94,6,WARA,LW,Injector
BG-1903-1_I,796946.835,3203810.94,6,WARA,MW,Injector
BG-1904-1_I,796214.8920833332,3203638.211875,6,WARA,LW,Injector
BG-1904-1_I,796219.92175,3203642.258375,6,WARA,MW,Injector
BG-1905-1_I,785833.975,3200645.009,3,WARA,MW,Injector
BG-1906-1_I,785352.89,3200611.575,3,WARA,LW,Injector
BG-1906-1_I,785352.89,3200611.575,3,WARA,MW,Injector
BG-1907-1_I,784685.9512499998,3200871.395625,3,WARA,LW,Injector
BG-1908-1_I,794577.1095,3204304.0095,6,WARA,LW,Injector
BG-1908-1_I,794575.79475,3204305.08225,6,WARA,MW,Injector
BG-1909-1_P,794015.2141666667,3204051.170833334,6,WARA,LW,Producer
BG-1909-1_P,794015.2141666667,3204051.170833334,6,WARA,MW,Producer
BG-1910-1_I,794953.97125,3202260.0,6,WARA,LW,Injector
BG-1910-1_I,794954.3484375,3202259.83875,6,WARA,MW,Injector
BG-1911-1_P,794832.6078571428,3202751.7571428567,6,WARA,LW,Producer
BG-1911-1_P,794832.6078571428,3202751.7571428567,6,WARA,MW,Producer
BG-1912-1_I,794454.4891666665,3202997.689166667,6,WARA,LW,Injector
BG-1912-1_I,794454.4891666665,3202997.689166667,6,WARA,MW,Injector
BG-1913-1_P,794247.6991666667,3201986.134166667,6,WARA,MW,Producer
BG-1914-1_P,793348.3833333333,3204105.975,6,WARA,LW,Producer
BG-1914-1_P,793348.3833333333,3204105.975,6,WARA,MW,Producer
BG-1915-1_I,793362.7983333331,3203359.555,6,WARA,LW,Injector
BG-1915-1_I,793362.7983333331,3203359.555,6,WARA,MW,Injector
BG-1916-1_I,792791.0387499998,3203427.728125001,6,WARA,LW,Injector
BG-1916-1_I,792802.93875,3203433.968125,6,WARA,MW,Injector
BG-1917-1_P,793577.09125,3199217.72625,6,WARA,MW,Producer
BG-1918-1_P,792627.3509999998,3199659.88,6,WARA,LW,Producer
BG-1918-1_P,792627.3509999998,3199659.88,6,WARA,MW,Producer
BG-1919-1_P,794866.662142857,3199647.7942857137,6,WARA,MW,Producer
BG-1920-1_P,783999.33,3198924.9050000007,3,WARA,LW,Producer
BG-1921-1_P,787011.08,3194525.875,4,WARA,MW,Producer
BG-1922-1_P,791667.88625,3192656.97875,5,WARA,MW,Producer
BG-1923-1_P,792823.13,3195156.85,5,WARA,MW,Producer
BG-1924-1_I,792239.67,3198863.36,5,WARA,LW,Injector
BG-1925-1_I,786164.5253333332,3198983.4748888887,4,WARA,LW,Injector
BG-1926-2_P,783838.5083333333,3199428.64,3,WARA,LW,Producer
BG-1926-2_P,783838.5083333333,3199428.64,3,WARA,MW,Producer
BG-1928-1_P,794234.6516666667,3205223.18,11,WARA,LW,Producer
BG-1928-1_P,794234.6516666667,3205223.18,11,WARA,MW,Producer
BG-1929-2_P,787938.0875,3196427.90125,5,WARA,LW,Producer
BG-1929-2_P,787938.0875,3196427.90125,5,WARA,MW,Producer
BG-1930-1_I,793473.9866666667,3197847.966666667,5,WARA,MW,Injector
BG-1931-1_I,791861.027,3198046.1590000005,5,WARA,LW,Injector
BG-1931-1_I,791861.027,3198046.1590000005,5,WARA,MW,Injector
BG-1932-1_I,788316.19,3196518.3600000013,5,WARA,LW,Injector
BG-1932-1_I,788316.19,3196518.3600000013,5,WARA,MW,Injector
BG-1933-1_I,783237.01,3199328.1612500013,3,WARA,LW,Injector
BG-1933-1_I,783237.01,3199328.1612500013,3,WARA,MW,Injector
BG-1934-1_I,785240.4733333333,3196680.245,4,WARA,MW,Injector
BG-1935-1_I,785876.8004166669,3198025.256666667,4,WARA,LW,Injector
BG-1935-1_I,785878.4976785716,3198029.1946428567,4,WARA,MW,Injector
BG-1936-1_I,783527.7058333334,3199706.28,3,WARA,LW,Injector
BG-1936-1_I,783527.7058333334,3199706.28,3,WARA,MW,Injector
BG-1937-1_P,795761.2949999998,3211708.2100000004,10,WARA,MW,Producer
BG-1944-1_P,779909.9775,3209170.0325,3,WARA,LW,Producer
BG-1944-1_P,779909.9775,3209170.0325,3,WARA,MW,Producer
BG-1945-1_P,795827.47875,3209685.615,6,WARA,MW,Producer
BG-1946-1_P,781190.8300000002,3217230.57,2,WARA,LW,Producer
BG-1946-1_P,781190.8300000002,3217230.57,2,WARA,MW,Producer
BG-1947-1_P,781643.5100000001,3212735.3349999995,2,WARA,MW,Producer
BG-1948-2_P,784793.2250000002,3213514.17,3,WARA,MW,Producer
BG-1950-1_P,778716.9500000002,3203693.791666666,3,WARA,LW,Producer
BG-1950-1_P,778716.9500000002,3203693.791666666,3,WARA,MW,Producer
BG-1952-1_P,782535.82,3215724.9606250008,2,WARA,LW,Producer
BG-1952-1_P,782535.82,3215724.9606250008,2,WARA,MW,Producer
BG-1954-1_P,798221.97125,3215018.0,7,WARA,MW,Producer
BG-1955-1_P,797915.2350000001,3210774.76,6,WARA,MW,Producer
BG-1957-1_I,796374.6599999998,3213934.645,10,WARA,MW,Injector
BG-1958-1_I,784566.1133333333,3210763.605,3,WARA,LW,Injector
BG-1958-1_I,784566.1133333333,3210763.605,3,WARA,MW,Injector
BG-1959-1_I,784192.2619618056,3216087.993611112,2,WARA,MW,Injector
BG-1960-1_I,779039.815,3199559.385,3,WARA,MW,Injector
BG-1961-1_I,797991.5625,3214749.6425,7,WARA,MW,Injector
BG-1962-1_I,798469.678,3214488.964,7,WARA,MW,Injector
BG-1963-1_I,782144.47,3210884.674,3,WARA,LW,Injector
BG-1963-1_I,782144.47,3210884.674,3,WARA,MW,Injector
BG-1964-1_I,782643.75,3203579.524,3,WARA,LW,Injector
BG-1964-1_I,782643.75,3203579.524,3,WARA,MW,Injector
BG-1965-1_I,782247.5900000002,3202513.63,3,WARA,LW,Injector
BG-1965-1_I,782247.5900000002,3202513.63,3,WARA,MW,Injector
BG-1966-1_I,781314.2849999998,3211813.7550000013,2,WARA,MW,Injector
BG-1967-1_I,784049.3916666666,3215662.273333333,2,WARA,LW,Injector
BG-1967-1_I,784049.3916666666,3215662.273333333,2,WARA,MW,Injector
BG-1969-3_P,791072.8812500002,3210897.08125,11,WARA,LW,Producer
BG-1969-3_P,791072.8812500002,3210897.08125,11,WARA,MW,Producer
BG-1978-2_P,792037.2133333333,3200127.3800000013,6,WARA,LW,Producer
BG-1978-2_P,792037.2133333333,3200127.3800000013,6,WARA,MW,Producer
BG-2006-1_P,782324.72875,3217408.394375,2,WARA,MW,Producer
BG-2007-1_I,781971.915,3217131.003,2,WARA,LW,Injector
BG-2007-1_I,781971.915,3217131.003,2,WARA,MW,Injector
BG-2008-1_P,782219.13125,3216806.28875,2,WARA,LW,Producer
BG-2008-1_P,782219.13125,3216806.28875,2,WARA,MW,Producer
BG-2009-1_I,794900.2679999998,3207765.595,10,WARA,MW,Injector
BG-2011-1_I,794616.78,3207171.72,10,WARA,MW,Injector
BG-2012-1_I,795233.925,3208212.4028125005,10,WARA,LW,Injector
BG-2012-1_I,795230.3313392856,3208227.977276786,10,WARA,MW,Injector
BG-2013-1_I,794923.1307142857,3208718.314285714,10,WARA,LW,Injector
BG-2013-1_I,794923.1650892858,3208726.4127232144,10,WARA,MW,Injector
BG-2014-1_P,794538.1849999998,3208365.4825,10,WARA,LW,Producer
BG-2014-1_P,794538.1849999998,3208365.4825,10,WARA,MW,Producer
BG-2015-1_P,794474.2799999998,3208746.205,10,WARA,LW,Producer
BG-2015-1_P,794474.2799999998,3208746.205,10,WARA,MW,Producer
BG-2016-2_P,796759.4383333335,3213822.4133333336,7,WARA,MW,Producer
BG-2018-2_P,795635.655,3207179.1125000007,10,WARA,MW,Producer
BG-2019ST1-1_I,785511.3075,3217572.4450000008,12,WARA,MW,Injector
BG-2020-1_I,784720.28,3217849.015,12,WARA,MW,Injector
BG-2022-1_I,784114.42,3217732.01,12,WARA,LW,Injector
BG-2022-1_I,784114.42,3217732.01,12,WARA,MW,Injector
BG-2024-1_I,784214.9509999999,3216479.529,12,WARA,MW,Injector
BG-2025ST1-1_I,784312.375,3216958.08,12,WARA,MW,Injector
BG-2034-1_I,788778.5026458333,3194601.9872083333,5,WARA,MW,Injector
BG-2036-2_P,788408.3133333335,3194284.35,5,WARA,LW,Producer
BG-2036-2_P,788408.3133333335,3194284.35,5,WARA,MW,Producer
BG-2037ST1-1_P,788770.7778571428,3195124.437142857,5,WARA,LW,Producer
BG-2037ST1-1_P,788770.7778571428,3195124.437142857,5,WARA,MW,Producer
BG-2038-1_P,788262.955,3196008.845,5,WARA,LW,Producer
BG-2038-1_P,788262.955,3196008.845,5,WARA,MW,Producer
BG-2040-1_I,787815.4483333335,3196105.797916666,5,WARA,LW,Injector
BG-2040-1_I,787819.2795833333,3196098.5483333333,5,WARA,MW,Injector
BG-2041-1_I,793256.28875,3200115.4625000013,6,WARA,LW,Injector
BG-2041-1_I,793256.28875,3200115.4625000013,6,WARA,MW,Injector
BG-2042-1_P,792906.5383333334,3200269.4800000004,6,WARA,LW,Producer
BG-2042-1_P,792906.5383333334,3200269.4800000004,6,WARA,MW,Producer
BG-2043-1_I,791526.1475,3199914.7800000007,6,WARA,LW,Injector
BG-2043-1_I,791526.1475,3199914.7800000007,6,WARA,MW,Injector
BG-2044-1_I,791057.8366666669,3192907.400833333,5,WARA,LW,Injector
BG-2044-1_I,791057.8366666669,3192907.400833333,5,WARA,MW,Injector
BG-2045-1_P,790167.6980000002,3192908.775,5,WARA,LW,Producer
BG-2045-1_P,790167.6980000002,3192908.775,5,WARA,MW,Producer
BG-2046-1_P,790018.625,3192109.04,5,WARA,MW,Producer
BG-2047-1_I,789678.135,3192385.18875,5,WARA,MW,Injector
BG-2048-1_P,792299.0683333335,3194405.14,5,WARA,MW,Producer
BG-2049-1_P,791908.6199999999,3193766.785,5,WARA,MW,Producer
BG-2050-1_P,791464.405,3193495.029,5,WARA,LW,Producer
BG-2050-1_P,791464.405,3193495.029,5,WARA,MW,Producer
BG-2051-1_I,791814.335,3194489.45,5,WARA,LW,Injector
BG-2051-1_I,791814.335,3194489.45,5,WARA,MW,Injector
BG-2053-1_I,791345.4366666665,3193848.6983333337,5,WARA,LW,Injector
BG-2053-1_I,791345.4366666665,3193848.6983333337,5,WARA,MW,Injector
BG-2054-1_P,792967.0725,3196186.7725,5,WARA,MW,Producer
BG-2055-1_I,793023.9962500002,3196878.29375,5,WARA,MW,Injector
BG-2056-1_I,792554.47,3195874.025,5,WARA,MW,Injector
BG-2058-1_P,792451.5742857144,3196987.7842857144,5,WARA,MW,Producer
BG-2059-1_I,792005.96875,3196862.6625,5,WARA,LW,Injector
BG-2059-1_I,792005.96875,3196862.6625,5,WARA,MW,Injector
BG-2060-1_I,794620.1425,3198885.0525,6,WARA,MW,Injector
BG-2061-1_I,791405.96,3199519.51,6,WARA,LW,Injector
BG-2062-1_I,792821.6725,3201370.39625,6,WARA,LW,Injector
BG-2062-1_I,792821.6725,3201370.39625,6,WARA,MW,Injector
BG-2063-1_I,793975.1216666667,3203508.455,6,WARA,LW,Injector
BG-2063-1_I,793975.1216666667,3203508.455,6,WARA,MW,Injector
BG-2066-1_I,784646.8825,3203068.12125,3,WARA,LW,Injector
BG-2066-1_I,784646.8825,3203068.12125,3,WARA,MW,Injector
BG-2067-1_P,786171.4283333331,3199598.313333333,3,WARA,LW,Producer
BG-2068-1_I,785734.205,3199865.880833333,3,WARA,LW,Injector
BG-2068-1_I,785734.205,3199865.880833333,3,WARA,MW,Injector
BG-2069-1_I,785194.41875,3199776.59375,3,WARA,LW,Injector
BG-2069-1_I,785194.41875,3199776.59375,3,WARA,MW,Injector
BG-2070-1_I,785059.935,3200107.985,3,WARA,LW,Injector
BG-2070-1_I,785059.935,3200107.985,3,WARA,MW,Injector
BG-2071-1_P,784833.98125,3199851.65,3,WARA,LW,Producer
BG-2071-1_P,784833.98125,3199851.65,3,WARA,MW,Producer
BG-2072-1_I,784412.1475,3199829.325833333,3,WARA,LW,Injector
BG-2072-1_I,784412.1475,3199829.325833333,3,WARA,MW,Injector
BG-2091-1_I,790958.712857143,3195906.812857143,5,WARA,LW,Injector
BG-2091-1_I,790958.712857143,3195906.812857143,5,WARA,MW,Injector
BG-2092-1_P,791069.9925,3197339.31375,5,WARA,LW,Producer
BG-2092-1_P,791069.9925,3197339.31375,5,WARA,MW,Producer
BG-2093-1_P,790726.0700000002,3196791.395,5,WARA,LW,Producer
BG-2093-1_P,790726.0700000002,3196791.395,5,WARA,MW,Producer
BG-2095-1_I,791272.5387500002,3198652.50625,5,WARA,LW,Injector
BG-2095-1_I,791272.5387500002,3198652.50625,5,WARA,MW,Injector
BG-2104-1_I,785577.4,3201490.94,3,WARA,MW,Injector
BG-2107-1_I,784823.7629999998,3201465.092,3,WARA,LW,Injector
BG-2107-1_I,784823.7629999998,3201465.092,3,WARA,MW,Injector
BG-2108-1_I,797682.7170000002,3213810.9620000008,7,WARA,MW,Injector
BG-2109-1_I,798117.96,3214140.2175000007,7,WARA,LW,Injector
BG-2109-1_I,798117.96,3214140.2175000007,7,WARA,MW,Injector
BG-2113-1_P,785202.6225,3212017.42875,12,WARA,LW,Producer
BG-2113-1_P,785202.6225,3212017.42875,12,WARA,MW,Producer
BG-2114-1_I,785231.4725,3211597.834166666,12,WARA,LW,Injector
BG-2114-1_I,785231.4725,3211597.834166666,12,WARA,MW,Injector
BG-2115-1_P,785105.5475,3212677.045,12,WARA,MW,Producer
BG-2116-1_I,785032.7449999999,3212341.833,12,WARA,LW,Injector
BG-2116-1_I,785032.7449999999,3212341.833,12,WARA,MW,Injector
BG-2117-1_I,785764.1575,3214301.9425,12,WARA,LW,Injector
BG-2117-1_I,785764.1575,3214301.9425,12,WARA,MW,Injector
BG-2118ST1-1_I,785823.5900000002,3213702.494,12,WARA,MW,Injector
BG-2119-1_P,785532.3925,3213223.9050000007,12,WARA,LW,Producer
BG-2119-1_P,785532.3925,3213223.9050000007,12,WARA,MW,Producer
BG-2120-1_P,785526.8650000001,3214007.6650000005,12,WARA,LW,Producer
BG-2120-1_P,785526.8650000001,3214007.6650000005,12,WARA,MW,Producer
BG-2121-1_P,785275.5483333331,3214898.62,12,WARA,LW,Producer
BG-2121-1_P,785275.5483333331,3214898.62,12,WARA,MW,Producer
BG-2122-1_P,785281.6190000002,3214326.876,12,WARA,LW,Producer
BG-2122-1_P,785281.6190000002,3214326.876,12,WARA,MW,Producer
BG-2123-1_I,785857.015,3215641.52,12,WARA,MW,Injector
BG-2124-1_P,785600.5714285716,3215338.0378571423,12,WARA,LW,Producer
BG-2124-1_P,785600.5714285716,3215338.0378571423,12,WARA,MW,Producer
BG-2126-1_P,785399.4724999998,3215846.7025,12,WARA,MW,Producer
BG-2127-1_P,785396.2575000002,3216274.265,12,WARA,LW,Producer
BG-2127-1_P,785396.2575000002,3216274.265,12,WARA,MW,Producer
BG-2128-1_I,785177.5783333333,3215514.753333333,12,WARA,MW,Injector
BG-2129-1_I,784920.6185714286,3216958.5221428573,12,WARA,LW,Injector
BG-2129-1_I,784920.6185714286,3216958.5221428573,12,WARA,MW,Injector
BG-2130-1_I,785123.8200000002,3216506.91,12,WARA,MW,Injector
BG-2131-1_I,784885.9475,3216069.0175,12,WARA,LW,Injector
BG-2131-1_I,784885.9475,3216069.0175,12,WARA,MW,Injector
BG-2132-1_P,784559.5508333333,3216360.0225000004,12,WARA,LW,Producer
BG-2132-1_P,784559.5508333333,3216360.0225000004,12,WARA,MW,Producer
BG-2141-1_I,786711.3150000002,3215667.287,11,WARA,MW,Injector
BG-2142-1_I,795071.4585714284,3211042.4085714286,10,WARA,MW,Injector
BG-2144-1_I,796909.6483333334,3215586.3425,7,WARA,MW,Injector
BG-2145-1_I,794790.05,3210477.345,10,WARA,MW,Injector
BG-2146-1_I,795649.20625,3208092.0375,6,WARA,MW,Injector
BG-2147ST1-1_I,784014.4541666666,3205173.5400000005,3,WARA,LW,Injector
BG-2147ST1-1_I,784014.4541666666,3205173.5400000005,3,WARA,MW,Injector
BG-2149-1_I,786907.25,3214411.911666666,12,WARA,LW,Injector
BG-2149-1_I,786907.25,3214411.911666666,12,WARA,MW,Injector
BG-2150-1_P,797450.8325,3218182.4675000007,7,WARA,MW,Producer
BG-2152-1_P,798610.2609999998,3209042.318,6,WARA,MW,Producer
BG-2153-1_P,797493.1749999998,3205990.473333333,6,WARA,LW,Producer
BG-2153-1_P,797493.1749999998,3205990.473333333,6,WARA,MW,Producer
BG-2166-1_I,782602.2408333331,3206860.315833333,3,WARA,LW,Injector
BG-2166-1_I,782602.2408333331,3206860.315833333,3,WARA,MW,Injector
BG-2167-1_P,785305.575,3210216.745,12,WARA,MW,Producer
BG-2168-1_P,784001.105,3209161.9450000008,3,WARA,MW,Producer
BG-2173-1_I,783633.3466666667,3206333.706666666,3,WARA,MW,Injector
BG-2174-1_I,782795.5390000001,3205708.6950000008,3,WARA,LW,Injector
BG-2174-1_I,782795.5390000001,3205708.6950000008,3,WARA,MW,Injector
BG-2176-1_P,786154.665,3212707.3,12,WARA,MW,Producer
BG-2199ST1-1_I,797665.1191666665,3212710.553333333,6,WARA,MW,Injector
BG-2203-1_P,786553.6416666666,3195286.021666666,4,WARA,LW,Producer
BG-2203-1_P,786553.6416666666,3195286.021666666,4,WARA,MW,Producer
BG-2206-1_I,781505.65,3202477.52,3,WARA,LW,Injector
BG-2206-1_I,781505.65,3202477.52,3,WARA,MW,Injector
BG-2209-1_I,795181.51625,3204309.90625,6,WARA,LW,Injector
BG-2209-1_I,795181.51625,3204309.90625,6,WARA,MW,Injector
BG-2255-1_P,797682.3060000001,3206904.789,6,WARA,LW,Producer
BG-2255-1_P,797682.3060000001,3206904.789,6,WARA,MW,Producer
BG-2268-1_P,785903.065,3210755.83,12,WARA,LW,Producer
BG-2375-1_P,794487.7224999998,3212691.4575000005,10,WARA,MW,Producer
BG-2378-1_P,796718.833,3214718.396,7,WARA,MW,Producer
DH-0001-2_P,793946.97,3236487.62,9,WARA,LW,Producer
MG-0004-2_P,784280.25,3225551.62,2,WARA,MW,Producer
MG-0013-1_I,784194.01,3228905.07,1,WARA,MW,Injector
MG-0058-3_P,785140.27,3229766.95,1,WARA,MW,Producer
MG-0059-1_P,789493.19,3229879.15,10,WARA,MW,Producer
MG-0073-1_P,790617.61,3232825.45,9,WARA,MW,Producer
MG-0083-4_P,786494.4,3223931.68,10,WARA,MW,Producer
MG-0101-2_P,788318.94,3218945.5,10,WARA,MW,Producer
MG-0109-2_P,785603.07,3230616.42,1,WARA,MW,Producer
MG-0169H-2_P,786795.935,3226158.9,10,WARA,LW,Producer
MG-0169H-2_P,786795.935,3226158.9,10,WARA,MW,Producer
MG-0190H-2_P,783346.4275,3217606.9275,2,WARA,LW,Producer
MG-0190H-2_P,783346.4275,3217606.9275,2,WARA,MW,Producer
MG-0193-2_P,791127.125,3223517.705,10,WARA,MW,Producer
MG-0199-2_P,788651.8,3220831.44,10,WARA,MW,Producer
MG-0202-2_P,783085.1,3223239.72,2,WARA,MW,Producer
MG-0208-2_P,789415.0,3220140.0,10,WARA,MW,Producer
MG-0230-1_I,784357.0,3230754.0,1,WARA,MW,Injector
MG-0266-1_I,782111.0,3222131.0,2,WARA,LW,Injector
MG-0267-1_I,782498.26,3225080.24,2,WARA,MW,Injector
MG-0269-2_I,782991.0,3226889.0,2,WARA,LW,Injector
MG-0269-2_I,782991.0,3226889.0,2,WARA,MW,Injector
MG-0270-1_I,784484.0,3229493.0,1,WARA,MW,Injector
MG-0271-1_I,782104.9700000002,3218608.34,2,WARA,LW,Injector
MG-0271-1_I,782104.9700000002,3218608.34,2,WARA,MW,Injector
MG-0272-1_I,781721.42,3220302.73,2,WARA,MW,Injector
MG-0273-1_I,781681.0,3221336.0,2,WARA,MW,Injector
MG-0274-1_I,782763.0,3224285.0,2,WARA,MW,Injector
MG-0278-2_P,786911.8049999998,3231261.64,1,WARA,MW,Producer
MG-0289-1_I,784341.8237878787,3231737.6727272724,1,WARA,MW,Injector
MG-0290-1_I,782286.33,3223090.08,2,WARA,MW,Injector
MG-0291-1_P,782782.71,3218134.92,2,WARA,MW,Producer
MG-0292-2_P,782458.43,3220739.77,2,WARA,MW,Producer
MG-0301-3_P,783293.45,3222109.03,2,WARA,LW,Producer
MG-0301-3_P,783293.45,3222109.03,2,WARA,MW,Producer
MG-0302-1_P,782616.02,3220147.0,2,WARA,MW,Producer
MG-0303-1_I,784397.58,3227116.09,1,WARA,MW,Injector
MG-0312-2_P,782755.06,3219273.35,2,WARA,LW,Producer
MG-0335-2_P,782911.41,3224670.4,2,WARA,MW,Producer
MG-0336-1_P,787513.2966666665,3234190.8266666667,1,WARA,MW,Producer
MG-0338-1_P,784640.2399999999,3228410.66,1,WARA,MW,Producer
MG-0358-2_P,783119.145,3226493.745,2,WARA,MW,Producer
MG-0379ST2-1_P,788969.02,3234704.605,1,WARA,MW,Producer
MG-0380-1_I,786579.77,3231610.42,1,WARA,MW,Injector
MG-0399-1_P,783976.9208333333,3218909.14,2,WARA,MW,Producer
MG-0400-1_I,783662.4540000001,3219253.5355,2,WARA,LW,Injector
MG-0400-1_I,783661.0340000001,3219251.0780000007,2,WARA,MW,Injector
MG-0401-1_P,784042.73875,3218130.73375,2,WARA,LW,Producer
MG-0401-1_P,784042.73875,3218130.73375,2,WARA,MW,Producer
MG-0402-1_I,783709.5220833332,3218533.1737499987,2,WARA,LW,Injector
MG-0402-1_I,783708.0775,3218537.7075,2,WARA,MW,Injector
MG-0403-1_I,783534.7157500002,3219994.501,2,WARA,MW,Injector
MG-0404-3_P,783165.921,3219712.961,2,WARA,LW,Producer
MG-0404-3_P,783165.921,3219712.961,2,WARA,MW,Producer
MG-0406-1_I,782912.6631250002,3220048.069375,2,WARA,MW,Injector
MG-0407-1_I,783093.0874404763,3219336.211666667,2,WARA,MW,Injector
MG-0408-1_I,782946.318125,3218650.86075,2,WARA,MW,Injector
MG-0409-1_P,783940.595,3221092.08,2,WARA,MW,Producer
MG-0411-2_P,783617.0175000002,3221647.1275000004,2,WARA,MW,Producer
MG-0412-1_I,783534.1772045456,3220668.8577904045,2,WARA,MW,Injector
MG-0413-1_I,783461.3054166666,3221301.621666667,2,WARA,MW,Injector
MG-0414-2_P,783172.855,3221596.225,2,WARA,MW,Producer
MG-0415-1_P,783172.5783333333,3220297.39,2,WARA,MW,Producer
MG-0416-1_I,782816.9647619048,3220553.6923809526,2,WARA,MW,Injector
MG-0417-1_I,782829.3924166667,3221260.3244166668,2,WARA,MW,Injector
MG-0418-2_P,783163.09,3221037.5025000004,2,WARA,MW,Producer
MG-0419-2_P,782850.145,3222169.685,2,WARA,MW,Producer
MG-0420-2_P,782594.82,3219703.6025,2,WARA,MW,Producer
MG-0421-1_I,783471.385,3224802.5,2,WARA,MW,Injector
MG-0422-1_I,782999.3,3222485.23,2,WARA,MW,Injector
MG-0423-1_I,783516.9700000002,3225639.583333333,2,WARA,MW,Injector
MG-0424-1_I,783448.157,3223780.887,2,WARA,MW,Injector
MG-0425-1_I,783734.045625,3226316.333125001,2,WARA,MW,Injector
MG-0426-1_I,782947.4099999998,3221841.061666666,2,WARA,MW,Injector
MG-0469-1_P,782704.2150000002,3222853.625,2,WARA,MW,Producer
MG-0470ST1-1_P,784021.5508333333,3222778.065,2,WARA,MW,Producer
MG-0471-1_P,783719.3250000002,3223585.1991666667,2,WARA,MW,Producer
MG-0473-1_I,783348.4033333333,3223077.3441666663,2,WARA,MW,Injector
MG-0474-1_P,783409.788,3222723.534,2,WARA,MW,Producer
MG-0475-1_P,784737.3049999998,3222860.335,10,WARA,MW,Producer
MG-0476-2_P,784476.9624999998,3225219.09,2,WARA,MW,Producer
MG-0477-1_P,785030.1490000002,3218001.72,12,WARA,MW,Producer
MG-0478-2_P,784519.447,3219131.41,12,WARA,LW,Producer
MG-0478-2_P,784519.447,3219131.41,12,WARA,MW,Producer
MG-0479-1_P,783977.078,3222096.359,2,WARA,MW,Producer
MG-0481-1_I,784252.4111458333,3222491.075729166,10,WARA,MW,Injector
MG-0482-1_I,785144.3272222222,3223052.9122222224,10,WARA,MW,Injector
MG-0483-2_I,784380.6,3224788.0090000005,2,WARA,LW,Injector
MG-0483-2_I,784380.6,3224788.0090000005,2,WARA,MW,Injector
MG-0484-1_I,784597.9467857142,3220050.8225,12,WARA,LW,Injector
MG-0484-1_I,784597.9486845237,3220050.7332559526,12,WARA,MW,Injector
MG-0485-1_I,783690.0933333334,3222412.623333333,2,WARA,MW,Injector
MG-0526-1_I,785198.4662499998,3228114.38625,1,WARA,MW,Injector
MG-0530-1_I,784154.2575000002,3219364.962916668,2,WARA,LW,Injector
MG-0530-1_I,784154.1610416665,3219365.0021875007,2,WARA,MW,Injector
MG-0542-1_I,784437.9817307693,3224311.103730769,2,WARA,MW,Injector
MG-0543-1_I,784402.4214999998,3226020.1560000004,2,WARA,LW,Injector
MG-0543-1_I,784400.4330624999,3226014.1888125,2,WARA,MW,Injector
MG-0553-1_P,785789.96,3228719.79,1,WARA,MW,Producer
MG-0554-1_P,788712.0166666666,3235877.453333333,1,WARA,MW,Producer
MG-0563-1_I,784123.51,3220790.7325,2,WARA,MW,Injector
MG-0564-1_I,783387.7183333334,3221841.27,2,WARA,MW,Injector
MG-0565ST2-1_P,788878.9950000001,3235435.603333333,1,WARA,MW,Producer
MG-0567-1_P,785358.9583333335,3231883.9133333336,1,WARA,MW,Producer
MG-0569-1_P,783907.37,3226635.0300000007,2,WARA,MW,Producer
MG-0571-1_I,784790.5875,3228073.4025,1,WARA,MW,Injector
MG-0574-1_I,784030.13,3221656.01,2,WARA,MW,Injector
MG-0618-1_P,784125.8325,3223940.7300000004,2,WARA,MW,Producer
